{
    "test_metrics": {
        "mse": 8877.505859375,
        "mae": 38.21388626098633,
        "strategy_correlations": [
            -0.18488940720590974,
            0.5610014697240955,
            0.0,
            0.047086209207005354,
            -0.04365168928078148,
            0.06132668711512535
        ]
    },
    "best_val_loss": 2499.720860072545,
    "final_epoch": 16
}