{
    "test_metrics": {
        "mse": 8877.505859375,
        "mae": 38.21388626098633,
        "strategy_correlations": [
            -0.24825691243563297,
            -0.5114165875608861,
            0.0,
            -0.1195461499207274,
            0.0171382739570393,
            -0.13576409404958115
        ]
    },
    "best_val_loss": 2499.720860072545,
    "final_epoch": 16
}