2025-06-10 09:03:01,093 - __main__ - INFO - 开始测试数据更新逻辑...
2025-06-10 09:03:05,512 - __main__ - INFO - 测试前，股票 SPY 在数据库中有 2588 条历史记录
2025-06-10 09:03:05,557 - __main__ - INFO - 测试前，股票 SPY 的数据范围: 从 2015-01-02 到 2025-04-16
2025-06-10 09:03:05,558 - __main__ - INFO - 测试前，股票 SPY 在最近两天有 0 条记录
2025-06-10 09:03:05,558 - __main__ - INFO - 对股票 SPY 执行常规更新，预期：如果已有最新数据则跳过，否则只更新新数据...
2025-06-10 09:03:05,558 - __main__ - INFO - 开始增量更新 1 只股票的数据
2025-06-10 09:03:05,603 - __main__ - INFO - 处理股票 SPY，最后更新时间: 2025-04-16 00:00:00
2025-06-10 09:03:05,604 - __main__ - INFO - 股票 SPY 的数据已更新 55 天 9 小时前
2025-06-10 09:03:05,604 - __main__ - INFO - 股票 SPY 的最后更新日期为: 2025-04-16 00:00:00
2025-06-10 09:03:05,604 - __main__ - INFO - 将获取股票 SPY 从 2025-04-17 到 2025-06-10 的数据
2025-06-10 09:03:07,525 - __main__ - ERROR - 更新股票 SPY 数据时出错: Too Many Requests. Rate limited. Try after a while.
2025-06-10 09:03:07,525 - __main__ - INFO - 更新完成: 总计 1 只股票, 更新 0 只, 跳过 0 只, 失败 1 只, 共新增 0 条记录
2025-06-10 09:03:07,526 - __main__ - INFO - 常规更新结果: {'total': 1, 'updated': 0, 'skipped': 0, 'failed': 1, 'details': {'SPY': 'failed'}, 'new_records_count': 0}
2025-06-10 09:03:07,526 - __main__ - INFO - 对股票 SPY 执行强制更新，预期：应始终更新数据...
2025-06-10 09:03:07,526 - __main__ - INFO - 开始强制更新 1 只股票的数据
2025-06-10 09:03:07,526 - __main__ - INFO - 处理股票 SPY，最后更新时间: 2025-04-16 00:00:00
2025-06-10 09:03:07,526 - __main__ - INFO - 股票 SPY 的最后更新日期为: 2025-04-16 00:00:00
2025-06-10 09:03:07,526 - __main__ - INFO - 将获取股票 SPY 从 2025-04-17 到 2025-06-10 的数据
2025-06-10 09:03:08,212 - __main__ - ERROR - 更新股票 SPY 数据时出错: Too Many Requests. Rate limited. Try after a while.
2025-06-10 09:03:08,213 - __main__ - INFO - 更新完成: 总计 1 只股票, 更新 0 只, 跳过 0 只, 失败 1 只, 共新增 0 条记录
2025-06-10 09:03:08,213 - __main__ - INFO - 强制更新结果: {'total': 1, 'updated': 0, 'skipped': 0, 'failed': 1, 'details': {'SPY': 'failed'}, 'new_records_count': 0}
2025-06-10 09:03:08,259 - __main__ - INFO - 测试后，股票 SPY 在数据库中有 2588 条记录
2025-06-10 09:03:08,260 - __main__ - INFO - 没有新增记录，验证跳过逻辑正常工作
2025-06-10 09:03:08,260 - __main__ - INFO - 等待3秒后再次对股票 SPY 执行常规更新，预期：应该会跳过...
2025-06-10 09:03:11,261 - __main__ - INFO - 开始增量更新 1 只股票的数据
2025-06-10 09:03:11,262 - __main__ - INFO - 处理股票 SPY，最后更新时间: 2025-04-16 00:00:00
2025-06-10 09:03:11,262 - __main__ - INFO - 股票 SPY 的数据已更新 55 天 9 小时前
2025-06-10 09:03:11,262 - __main__ - INFO - 股票 SPY 的最后更新日期为: 2025-04-16 00:00:00
2025-06-10 09:03:11,262 - __main__ - INFO - 将获取股票 SPY 从 2025-04-17 到 2025-06-10 的数据
2025-06-10 09:03:12,020 - __main__ - ERROR - 更新股票 SPY 数据时出错: Too Many Requests. Rate limited. Try after a while.
2025-06-10 09:03:12,020 - __main__ - INFO - 更新完成: 总计 1 只股票, 更新 0 只, 跳过 0 只, 失败 1 只, 共新增 0 条记录
2025-06-10 09:03:12,021 - __main__ - INFO - 再次常规更新结果: {'total': 1, 'updated': 0, 'skipped': 0, 'failed': 1, 'details': {'SPY': 'failed'}, 'new_records_count': 0}
2025-06-10 09:03:12,021 - __main__ - INFO - 测试数据更新逻辑完成
2025-06-10 09:03:19,413 - __main__ - INFO - 从数据库加载了 573 只股票
2025-06-10 09:03:19,413 - __main__ - INFO - 开始增量更新 573 只股票的数据
2025-06-10 09:03:19,495 - __main__ - INFO - 处理股票 ^VIX，最后更新时间: 2025-04-16 00:00:00
2025-06-10 09:03:19,496 - __main__ - INFO - 股票 ^VIX 的数据已更新 55 天 9 小时前
2025-06-10 09:03:19,496 - __main__ - INFO - 股票 ^VIX 的最后更新日期为: 2025-04-16 00:00:00
2025-06-10 09:03:19,496 - __main__ - INFO - 将获取股票 ^VIX 从 2025-04-17 到 2025-06-10 的数据
2025-06-10 09:03:20,264 - __main__ - ERROR - 更新股票 ^VIX 数据时出错: Too Many Requests. Rate limited. Try after a while.
2025-06-10 09:03:20,308 - __main__ - INFO - 处理股票 A，最后更新时间: 2025-04-16 00:00:00
2025-06-10 09:03:20,308 - __main__ - INFO - 股票 A 的数据已更新 55 天 9 小时前
2025-06-10 09:03:20,308 - __main__ - INFO - 股票 A 的最后更新日期为: 2025-04-16 00:00:00
2025-06-10 09:03:20,308 - __main__ - INFO - 将获取股票 A 从 2025-04-17 到 2025-06-10 的数据
2025-06-10 09:03:21,127 - __main__ - ERROR - 更新股票 A 数据时出错: Too Many Requests. Rate limited. Try after a while.
2025-06-10 09:03:21,200 - __main__ - INFO - 处理股票 AAPL，最后更新时间: 2025-04-16 00:00:00
2025-06-10 09:03:21,200 - __main__ - INFO - 股票 AAPL 的数据已更新 55 天 9 小时前
2025-06-10 09:03:21,200 - __main__ - INFO - 股票 AAPL 的最后更新日期为: 2025-04-16 00:00:00
2025-06-10 09:03:21,200 - __main__ - INFO - 将获取股票 AAPL 从 2025-04-17 到 2025-06-10 的数据
2025-06-10 09:03:21,910 - __main__ - ERROR - 更新股票 AAPL 数据时出错: Too Many Requests. Rate limited. Try after a while.
2025-06-10 09:03:21,951 - __main__ - INFO - 处理股票 ABBV，最后更新时间: 2025-04-16 00:00:00
2025-06-10 09:03:21,951 - __main__ - INFO - 股票 ABBV 的数据已更新 55 天 9 小时前
2025-06-10 09:03:21,952 - __main__ - INFO - 股票 ABBV 的最后更新日期为: 2025-04-16 00:00:00
2025-06-10 09:03:21,952 - __main__ - INFO - 将获取股票 ABBV 从 2025-04-17 到 2025-06-10 的数据
2025-06-10 09:03:23,156 - __main__ - ERROR - 更新股票 ABBV 数据时出错: Too Many Requests. Rate limited. Try after a while.
2025-06-10 09:03:23,199 - __main__ - INFO - 处理股票 ABT，最后更新时间: 2025-04-16 00:00:00
2025-06-10 09:03:23,200 - __main__ - INFO - 股票 ABT 的数据已更新 55 天 9 小时前
2025-06-10 09:03:23,200 - __main__ - INFO - 股票 ABT 的最后更新日期为: 2025-04-16 00:00:00
2025-06-10 09:03:23,200 - __main__ - INFO - 将获取股票 ABT 从 2025-04-17 到 2025-06-10 的数据
2025-06-10 09:03:24,037 - __main__ - ERROR - 更新股票 ABT 数据时出错: Too Many Requests. Rate limited. Try after a while.
2025-06-10 09:03:24,065 - __main__ - INFO - 处理股票 ACGL，最后更新时间: 2025-04-16 00:00:00
2025-06-10 09:03:24,065 - __main__ - INFO - 股票 ACGL 的数据已更新 55 天 9 小时前
2025-06-10 09:03:24,065 - __main__ - INFO - 股票 ACGL 的最后更新日期为: 2025-04-16 00:00:00
2025-06-10 09:03:24,065 - __main__ - INFO - 将获取股票 ACGL 从 2025-04-17 到 2025-06-10 的数据
2025-06-10 09:03:24,753 - __main__ - ERROR - 更新股票 ACGL 数据时出错: Too Many Requests. Rate limited. Try after a while.
2025-06-10 09:03:24,797 - __main__ - INFO - 处理股票 ACN，最后更新时间: 2025-04-16 00:00:00
2025-06-10 09:03:24,797 - __main__ - INFO - 股票 ACN 的数据已更新 55 天 9 小时前
2025-06-10 09:03:24,797 - __main__ - INFO - 股票 ACN 的最后更新日期为: 2025-04-16 00:00:00
2025-06-10 09:03:24,797 - __main__ - INFO - 将获取股票 ACN 从 2025-04-17 到 2025-06-10 的数据
2025-06-10 09:03:25,570 - __main__ - ERROR - 更新股票 ACN 数据时出错: Too Many Requests. Rate limited. Try after a while.
2025-06-10 09:03:25,614 - __main__ - INFO - 处理股票 ADBE，最后更新时间: 2025-04-16 00:00:00
2025-06-10 09:03:25,614 - __main__ - INFO - 股票 ADBE 的数据已更新 55 天 9 小时前
2025-06-10 09:03:25,614 - __main__ - INFO - 股票 ADBE 的最后更新日期为: 2025-04-16 00:00:00
2025-06-10 09:03:25,614 - __main__ - INFO - 将获取股票 ADBE 从 2025-04-17 到 2025-06-10 的数据
2025-06-10 09:03:26,490 - __main__ - ERROR - 更新股票 ADBE 数据时出错: Too Many Requests. Rate limited. Try after a while.
2025-06-10 09:03:26,516 - __main__ - INFO - 处理股票 ADI，最后更新时间: 2025-04-16 00:00:00
2025-06-10 09:03:26,516 - __main__ - INFO - 股票 ADI 的数据已更新 55 天 9 小时前
2025-06-10 09:03:26,516 - __main__ - INFO - 股票 ADI 的最后更新日期为: 2025-04-16 00:00:00
2025-06-10 09:03:26,516 - __main__ - INFO - 将获取股票 ADI 从 2025-04-17 到 2025-06-10 的数据
2025-06-10 09:03:27,264 - __main__ - ERROR - 更新股票 ADI 数据时出错: Too Many Requests. Rate limited. Try after a while.
2025-06-10 09:03:27,311 - __main__ - INFO - 处理股票 ADM，最后更新时间: 2025-04-16 00:00:00
2025-06-10 09:03:27,311 - __main__ - INFO - 股票 ADM 的数据已更新 55 天 9 小时前
2025-06-10 09:03:27,311 - __main__ - INFO - 股票 ADM 的最后更新日期为: 2025-04-16 00:00:00
2025-06-10 09:03:27,311 - __main__ - INFO - 将获取股票 ADM 从 2025-04-17 到 2025-06-10 的数据
2025-06-10 09:03:28,099 - __main__ - ERROR - 更新股票 ADM 数据时出错: Too Many Requests. Rate limited. Try after a while.
2025-06-10 09:03:28,144 - __main__ - INFO - 处理股票 ADP，最后更新时间: 2025-04-16 00:00:00
2025-06-10 09:03:28,144 - __main__ - INFO - 股票 ADP 的数据已更新 55 天 9 小时前
2025-06-10 09:03:28,144 - __main__ - INFO - 股票 ADP 的最后更新日期为: 2025-04-16 00:00:00
2025-06-10 09:03:28,144 - __main__ - INFO - 将获取股票 ADP 从 2025-04-17 到 2025-06-10 的数据
2025-06-10 09:03:28,864 - __main__ - ERROR - 更新股票 ADP 数据时出错: Too Many Requests. Rate limited. Try after a while.
2025-06-10 09:03:28,908 - __main__ - INFO - 处理股票 ADSK，最后更新时间: 2025-04-16 00:00:00
2025-06-10 09:03:28,909 - __main__ - INFO - 股票 ADSK 的数据已更新 55 天 9 小时前
2025-06-10 09:03:28,909 - __main__ - INFO - 股票 ADSK 的最后更新日期为: 2025-04-16 00:00:00
2025-06-10 09:03:28,909 - __main__ - INFO - 将获取股票 ADSK 从 2025-04-17 到 2025-06-10 的数据
2025-06-10 09:03:29,662 - __main__ - ERROR - 更新股票 ADSK 数据时出错: Too Many Requests. Rate limited. Try after a while.
2025-06-10 09:03:29,706 - __main__ - INFO - 处理股票 AEE，最后更新时间: 2025-04-16 00:00:00
2025-06-10 09:03:29,706 - __main__ - INFO - 股票 AEE 的数据已更新 55 天 9 小时前
2025-06-10 09:03:29,706 - __main__ - INFO - 股票 AEE 的最后更新日期为: 2025-04-16 00:00:00
2025-06-10 09:03:29,706 - __main__ - INFO - 将获取股票 AEE 从 2025-04-17 到 2025-06-10 的数据
2025-06-10 09:03:30,532 - __main__ - ERROR - 更新股票 AEE 数据时出错: Too Many Requests. Rate limited. Try after a while.
2025-06-10 09:03:30,564 - __main__ - INFO - 处理股票 AEP，最后更新时间: 2025-04-16 00:00:00
2025-06-10 09:03:30,564 - __main__ - INFO - 股票 AEP 的数据已更新 55 天 9 小时前
2025-06-10 09:03:30,564 - __main__ - INFO - 股票 AEP 的最后更新日期为: 2025-04-16 00:00:00
2025-06-10 09:03:30,564 - __main__ - INFO - 将获取股票 AEP 从 2025-04-17 到 2025-06-10 的数据
2025-06-10 09:03:31,356 - __main__ - ERROR - 更新股票 AEP 数据时出错: Too Many Requests. Rate limited. Try after a while.
2025-06-10 09:03:31,400 - __main__ - INFO - 处理股票 AES，最后更新时间: 2025-04-16 00:00:00
2025-06-10 09:03:31,400 - __main__ - INFO - 股票 AES 的数据已更新 55 天 9 小时前
2025-06-10 09:03:31,400 - __main__ - INFO - 股票 AES 的最后更新日期为: 2025-04-16 00:00:00
2025-06-10 09:03:31,400 - __main__ - INFO - 将获取股票 AES 从 2025-04-17 到 2025-06-10 的数据
2025-06-10 09:03:32,453 - __main__ - ERROR - 更新股票 AES 数据时出错: Too Many Requests. Rate limited. Try after a while.
2025-06-10 09:03:32,495 - __main__ - INFO - 处理股票 AFL，最后更新时间: 2025-04-16 00:00:00
2025-06-10 09:03:32,495 - __main__ - INFO - 股票 AFL 的数据已更新 55 天 9 小时前
2025-06-10 09:03:32,495 - __main__ - INFO - 股票 AFL 的最后更新日期为: 2025-04-16 00:00:00
2025-06-10 09:03:32,495 - __main__ - INFO - 将获取股票 AFL 从 2025-04-17 到 2025-06-10 的数据
2025-06-10 09:03:35,543 - __main__ - ERROR - 更新股票 AFL 数据时出错: Too Many Requests. Rate limited. Try after a while.
2025-06-10 09:03:35,567 - __main__ - INFO - 处理股票 AIG，最后更新时间: 2025-04-16 00:00:00
2025-06-10 09:03:35,567 - __main__ - INFO - 股票 AIG 的数据已更新 55 天 9 小时前
2025-06-10 09:03:35,567 - __main__ - INFO - 股票 AIG 的最后更新日期为: 2025-04-16 00:00:00
2025-06-10 09:03:35,567 - __main__ - INFO - 将获取股票 AIG 从 2025-04-17 到 2025-06-10 的数据
2025-06-10 09:03:36,843 - __main__ - ERROR - 更新股票 AIG 数据时出错: Too Many Requests. Rate limited. Try after a while.
2025-06-10 09:03:36,864 - __main__ - INFO - 处理股票 AIZ，最后更新时间: 2025-04-16 00:00:00
2025-06-10 09:03:36,864 - __main__ - INFO - 股票 AIZ 的数据已更新 55 天 9 小时前
2025-06-10 09:03:36,864 - __main__ - INFO - 股票 AIZ 的最后更新日期为: 2025-04-16 00:00:00
2025-06-10 09:03:36,864 - __main__ - INFO - 将获取股票 AIZ 从 2025-04-17 到 2025-06-10 的数据
2025-06-10 09:03:37,573 - __main__ - ERROR - 更新股票 AIZ 数据时出错: Too Many Requests. Rate limited. Try after a while.
2025-06-10 09:03:37,618 - __main__ - INFO - 处理股票 AJG，最后更新时间: 2025-04-16 00:00:00
2025-06-10 09:03:37,618 - __main__ - INFO - 股票 AJG 的数据已更新 55 天 9 小时前
2025-06-10 09:03:37,618 - __main__ - INFO - 股票 AJG 的最后更新日期为: 2025-04-16 00:00:00
2025-06-10 09:03:37,618 - __main__ - INFO - 将获取股票 AJG 从 2025-04-17 到 2025-06-10 的数据
2025-06-10 09:03:38,267 - __main__ - ERROR - 更新股票 AJG 数据时出错: Too Many Requests. Rate limited. Try after a while.
2025-06-10 09:03:38,313 - __main__ - INFO - 处理股票 AKAM，最后更新时间: 2025-04-16 00:00:00
2025-06-10 09:03:38,314 - __main__ - INFO - 股票 AKAM 的数据已更新 55 天 9 小时前
2025-06-10 09:03:38,314 - __main__ - INFO - 股票 AKAM 的最后更新日期为: 2025-04-16 00:00:00
2025-06-10 09:03:38,314 - __main__ - INFO - 将获取股票 AKAM 从 2025-04-17 到 2025-06-10 的数据
2025-06-10 09:03:39,021 - __main__ - ERROR - 更新股票 AKAM 数据时出错: Too Many Requests. Rate limited. Try after a while.
2025-06-10 09:03:39,066 - __main__ - INFO - 处理股票 ALB，最后更新时间: 2025-04-16 00:00:00
2025-06-10 09:03:39,066 - __main__ - INFO - 股票 ALB 的数据已更新 55 天 9 小时前
2025-06-10 09:03:39,066 - __main__ - INFO - 股票 ALB 的最后更新日期为: 2025-04-16 00:00:00
2025-06-10 09:03:39,067 - __main__ - INFO - 将获取股票 ALB 从 2025-04-17 到 2025-06-10 的数据
2025-06-10 09:03:39,952 - __main__ - ERROR - 更新股票 ALB 数据时出错: Too Many Requests. Rate limited. Try after a while.
2025-06-10 09:03:39,995 - __main__ - INFO - 处理股票 ALGN，最后更新时间: 2025-04-16 00:00:00
2025-06-10 09:03:39,995 - __main__ - INFO - 股票 ALGN 的数据已更新 55 天 9 小时前
2025-06-10 09:03:39,995 - __main__ - INFO - 股票 ALGN 的最后更新日期为: 2025-04-16 00:00:00
2025-06-10 09:03:39,995 - __main__ - INFO - 将获取股票 ALGN 从 2025-04-17 到 2025-06-10 的数据
2025-06-10 09:03:40,642 - __main__ - ERROR - 更新股票 ALGN 数据时出错: Too Many Requests. Rate limited. Try after a while.
2025-06-10 09:03:40,671 - __main__ - INFO - 处理股票 ALL，最后更新时间: 2025-04-16 00:00:00
2025-06-10 09:03:40,671 - __main__ - INFO - 股票 ALL 的数据已更新 55 天 9 小时前
2025-06-10 09:03:40,672 - __main__ - INFO - 股票 ALL 的最后更新日期为: 2025-04-16 00:00:00
2025-06-10 09:03:40,672 - __main__ - INFO - 将获取股票 ALL 从 2025-04-17 到 2025-06-10 的数据
2025-06-10 09:03:41,369 - __main__ - ERROR - 更新股票 ALL 数据时出错: Too Many Requests. Rate limited. Try after a while.
2025-06-10 09:03:41,410 - __main__ - INFO - 处理股票 ALLE，最后更新时间: 2025-04-16 00:00:00
2025-06-10 09:03:41,410 - __main__ - INFO - 股票 ALLE 的数据已更新 55 天 9 小时前
2025-06-10 09:03:41,410 - __main__ - INFO - 股票 ALLE 的最后更新日期为: 2025-04-16 00:00:00
2025-06-10 09:03:41,410 - __main__ - INFO - 将获取股票 ALLE 从 2025-04-17 到 2025-06-10 的数据
2025-06-10 09:03:42,158 - __main__ - ERROR - 更新股票 ALLE 数据时出错: Too Many Requests. Rate limited. Try after a while.
2025-06-10 09:03:42,195 - __main__ - INFO - 处理股票 AMAT，最后更新时间: 2025-04-16 00:00:00
2025-06-10 09:03:42,196 - __main__ - INFO - 股票 AMAT 的数据已更新 55 天 9 小时前
2025-06-10 09:03:42,196 - __main__ - INFO - 股票 AMAT 的最后更新日期为: 2025-04-16 00:00:00
2025-06-10 09:03:42,196 - __main__ - INFO - 将获取股票 AMAT 从 2025-04-17 到 2025-06-10 的数据
2025-06-10 09:03:44,954 - __main__ - ERROR - 更新股票 AMAT 数据时出错: Too Many Requests. Rate limited. Try after a while.
2025-06-10 09:03:44,997 - __main__ - INFO - 处理股票 AMCR，最后更新时间: 2025-04-16 00:00:00
2025-06-10 09:03:44,997 - __main__ - INFO - 股票 AMCR 的数据已更新 55 天 9 小时前
2025-06-10 09:03:44,997 - __main__ - INFO - 股票 AMCR 的最后更新日期为: 2025-04-16 00:00:00
2025-06-10 09:03:44,998 - __main__ - INFO - 将获取股票 AMCR 从 2025-04-17 到 2025-06-10 的数据
2025-06-10 09:03:45,870 - __main__ - ERROR - 更新股票 AMCR 数据时出错: Too Many Requests. Rate limited. Try after a while.
2025-06-10 09:03:45,916 - __main__ - INFO - 处理股票 AMD，最后更新时间: 2025-04-16 00:00:00
2025-06-10 09:03:45,916 - __main__ - INFO - 股票 AMD 的数据已更新 55 天 9 小时前
2025-06-10 09:03:45,916 - __main__ - INFO - 股票 AMD 的最后更新日期为: 2025-04-16 00:00:00
2025-06-10 09:03:45,916 - __main__ - INFO - 将获取股票 AMD 从 2025-04-17 到 2025-06-10 的数据
2025-06-10 09:03:46,693 - __main__ - ERROR - 更新股票 AMD 数据时出错: Too Many Requests. Rate limited. Try after a while.
2025-06-10 09:03:46,722 - __main__ - INFO - 处理股票 AME，最后更新时间: 2025-04-16 00:00:00
2025-06-10 09:03:46,722 - __main__ - INFO - 股票 AME 的数据已更新 55 天 9 小时前
2025-06-10 09:03:46,722 - __main__ - INFO - 股票 AME 的最后更新日期为: 2025-04-16 00:00:00
2025-06-10 09:03:46,722 - __main__ - INFO - 将获取股票 AME 从 2025-04-17 到 2025-06-10 的数据
2025-06-10 09:03:47,878 - __main__ - ERROR - 更新股票 AME 数据时出错: Too Many Requests. Rate limited. Try after a while.
2025-06-10 09:03:47,919 - __main__ - INFO - 处理股票 AMGN，最后更新时间: 2025-04-16 00:00:00
2025-06-10 09:03:47,919 - __main__ - INFO - 股票 AMGN 的数据已更新 55 天 9 小时前
2025-06-10 09:03:47,919 - __main__ - INFO - 股票 AMGN 的最后更新日期为: 2025-04-16 00:00:00
2025-06-10 09:03:47,919 - __main__ - INFO - 将获取股票 AMGN 从 2025-04-17 到 2025-06-10 的数据
2025-06-10 09:03:48,655 - __main__ - ERROR - 更新股票 AMGN 数据时出错: Too Many Requests. Rate limited. Try after a while.
2025-06-10 09:03:48,701 - __main__ - INFO - 处理股票 AMP，最后更新时间: 2025-04-16 00:00:00
2025-06-10 09:03:48,702 - __main__ - INFO - 股票 AMP 的数据已更新 55 天 9 小时前
2025-06-10 09:03:48,702 - __main__ - INFO - 股票 AMP 的最后更新日期为: 2025-04-16 00:00:00
2025-06-10 09:03:48,702 - __main__ - INFO - 将获取股票 AMP 从 2025-04-17 到 2025-06-10 的数据
2025-06-10 09:03:49,397 - __main__ - ERROR - 更新股票 AMP 数据时出错: Too Many Requests. Rate limited. Try after a while.
2025-06-10 09:03:49,443 - __main__ - INFO - 处理股票 AMT，最后更新时间: 2025-04-16 00:00:00
2025-06-10 09:03:49,443 - __main__ - INFO - 股票 AMT 的数据已更新 55 天 9 小时前
2025-06-10 09:03:49,443 - __main__ - INFO - 股票 AMT 的最后更新日期为: 2025-04-16 00:00:00
2025-06-10 09:03:49,443 - __main__ - INFO - 将获取股票 AMT 从 2025-04-17 到 2025-06-10 的数据
2025-06-10 09:03:50,261 - __main__ - ERROR - 更新股票 AMT 数据时出错: Too Many Requests. Rate limited. Try after a while.
2025-06-10 09:03:50,308 - __main__ - INFO - 处理股票 AMZN，最后更新时间: 2025-04-16 00:00:00
2025-06-10 09:03:50,308 - __main__ - INFO - 股票 AMZN 的数据已更新 55 天 9 小时前
2025-06-10 09:03:50,308 - __main__ - INFO - 股票 AMZN 的最后更新日期为: 2025-04-16 00:00:00
2025-06-10 09:03:50,308 - __main__ - INFO - 将获取股票 AMZN 从 2025-04-17 到 2025-06-10 的数据
2025-06-10 09:03:51,059 - __main__ - ERROR - 更新股票 AMZN 数据时出错: Too Many Requests. Rate limited. Try after a while.
2025-06-10 09:03:51,092 - __main__ - INFO - 处理股票 ANET，最后更新时间: 2025-04-16 00:00:00
2025-06-10 09:03:51,092 - __main__ - INFO - 股票 ANET 的数据已更新 55 天 9 小时前
2025-06-10 09:03:51,092 - __main__ - INFO - 股票 ANET 的最后更新日期为: 2025-04-16 00:00:00
2025-06-10 09:03:51,093 - __main__ - INFO - 将获取股票 ANET 从 2025-04-17 到 2025-06-10 的数据
2025-06-10 09:03:51,766 - __main__ - ERROR - 更新股票 ANET 数据时出错: Too Many Requests. Rate limited. Try after a while.
2025-06-10 09:03:51,802 - __main__ - INFO - 处理股票 ANSS，最后更新时间: 2025-04-16 00:00:00
2025-06-10 09:03:51,802 - __main__ - INFO - 股票 ANSS 的数据已更新 55 天 9 小时前
2025-06-10 09:03:51,802 - __main__ - INFO - 股票 ANSS 的最后更新日期为: 2025-04-16 00:00:00
2025-06-10 09:03:51,802 - __main__ - INFO - 将获取股票 ANSS 从 2025-04-17 到 2025-06-10 的数据
2025-06-10 09:03:52,537 - __main__ - ERROR - 更新股票 ANSS 数据时出错: Too Many Requests. Rate limited. Try after a while.
2025-06-10 09:03:52,561 - __main__ - INFO - 处理股票 AON，最后更新时间: 2025-04-16 00:00:00
2025-06-10 09:03:52,561 - __main__ - INFO - 股票 AON 的数据已更新 55 天 9 小时前
2025-06-10 09:03:52,561 - __main__ - INFO - 股票 AON 的最后更新日期为: 2025-04-16 00:00:00
2025-06-10 09:03:52,561 - __main__ - INFO - 将获取股票 AON 从 2025-04-17 到 2025-06-10 的数据
2025-06-10 09:03:53,325 - __main__ - ERROR - 更新股票 AON 数据时出错: Too Many Requests. Rate limited. Try after a while.
2025-06-10 09:03:53,369 - __main__ - INFO - 处理股票 AOS，最后更新时间: 2025-04-16 00:00:00
2025-06-10 09:03:53,369 - __main__ - INFO - 股票 AOS 的数据已更新 55 天 9 小时前
2025-06-10 09:03:53,369 - __main__ - INFO - 股票 AOS 的最后更新日期为: 2025-04-16 00:00:00
2025-06-10 09:03:53,369 - __main__ - INFO - 将获取股票 AOS 从 2025-04-17 到 2025-06-10 的数据
2025-06-10 09:03:54,184 - __main__ - ERROR - 更新股票 AOS 数据时出错: Too Many Requests. Rate limited. Try after a while.
2025-06-10 09:03:54,214 - __main__ - INFO - 处理股票 APA，最后更新时间: 2025-04-16 00:00:00
2025-06-10 09:03:54,214 - __main__ - INFO - 股票 APA 的数据已更新 55 天 9 小时前
2025-06-10 09:03:54,214 - __main__ - INFO - 股票 APA 的最后更新日期为: 2025-04-16 00:00:00
2025-06-10 09:03:54,214 - __main__ - INFO - 将获取股票 APA 从 2025-04-17 到 2025-06-10 的数据
2025-06-10 09:03:54,911 - __main__ - ERROR - 更新股票 APA 数据时出错: Too Many Requests. Rate limited. Try after a while.
2025-06-10 09:03:54,958 - __main__ - INFO - 处理股票 APD，最后更新时间: 2025-04-16 00:00:00
2025-06-10 09:03:54,959 - __main__ - INFO - 股票 APD 的数据已更新 55 天 9 小时前
2025-06-10 09:03:54,959 - __main__ - INFO - 股票 APD 的最后更新日期为: 2025-04-16 00:00:00
2025-06-10 09:03:54,959 - __main__ - INFO - 将获取股票 APD 从 2025-04-17 到 2025-06-10 的数据
2025-06-10 09:03:55,691 - __main__ - ERROR - 更新股票 APD 数据时出错: Too Many Requests. Rate limited. Try after a while.
2025-06-10 09:03:55,720 - __main__ - INFO - 处理股票 APH，最后更新时间: 2025-04-16 00:00:00
2025-06-10 09:03:55,720 - __main__ - INFO - 股票 APH 的数据已更新 55 天 9 小时前
2025-06-10 09:03:55,720 - __main__ - INFO - 股票 APH 的最后更新日期为: 2025-04-16 00:00:00
2025-06-10 09:03:55,720 - __main__ - INFO - 将获取股票 APH 从 2025-04-17 到 2025-06-10 的数据
2025-06-10 09:03:56,469 - __main__ - ERROR - 更新股票 APH 数据时出错: Too Many Requests. Rate limited. Try after a while.
2025-06-10 09:03:56,516 - __main__ - INFO - 处理股票 APTV，最后更新时间: 2025-04-16 00:00:00
2025-06-10 09:03:56,516 - __main__ - INFO - 股票 APTV 的数据已更新 55 天 9 小时前
2025-06-10 09:03:56,517 - __main__ - INFO - 股票 APTV 的最后更新日期为: 2025-04-16 00:00:00
2025-06-10 09:03:56,517 - __main__ - INFO - 将获取股票 APTV 从 2025-04-17 到 2025-06-10 的数据
2025-06-10 09:03:57,169 - __main__ - ERROR - 更新股票 APTV 数据时出错: Too Many Requests. Rate limited. Try after a while.
2025-06-10 09:03:57,215 - __main__ - INFO - 处理股票 ARE，最后更新时间: 2025-04-16 00:00:00
2025-06-10 09:03:57,215 - __main__ - INFO - 股票 ARE 的数据已更新 55 天 9 小时前
2025-06-10 09:03:57,215 - __main__ - INFO - 股票 ARE 的最后更新日期为: 2025-04-16 00:00:00
2025-06-10 09:03:57,215 - __main__ - INFO - 将获取股票 ARE 从 2025-04-17 到 2025-06-10 的数据
2025-06-10 09:03:58,028 - __main__ - ERROR - 更新股票 ARE 数据时出错: Too Many Requests. Rate limited. Try after a while.
2025-06-10 09:03:58,069 - __main__ - INFO - 处理股票 ASML，最后更新时间: 2025-04-16 00:00:00
2025-06-10 09:03:58,069 - __main__ - INFO - 股票 ASML 的数据已更新 55 天 9 小时前
2025-06-10 09:03:58,069 - __main__ - INFO - 股票 ASML 的最后更新日期为: 2025-04-16 00:00:00
2025-06-10 09:03:58,069 - __main__ - INFO - 将获取股票 ASML 从 2025-04-17 到 2025-06-10 的数据
2025-06-10 09:03:58,771 - __main__ - ERROR - 更新股票 ASML 数据时出错: Too Many Requests. Rate limited. Try after a while.
2025-06-10 09:03:58,817 - __main__ - INFO - 处理股票 ATO，最后更新时间: 2025-04-16 00:00:00
2025-06-10 09:03:58,817 - __main__ - INFO - 股票 ATO 的数据已更新 55 天 9 小时前
2025-06-10 09:03:58,817 - __main__ - INFO - 股票 ATO 的最后更新日期为: 2025-04-16 00:00:00
2025-06-10 09:03:58,817 - __main__ - INFO - 将获取股票 ATO 从 2025-04-17 到 2025-06-10 的数据
2025-06-10 09:03:59,471 - __main__ - ERROR - 更新股票 ATO 数据时出错: Too Many Requests. Rate limited. Try after a while.
2025-06-10 09:03:59,518 - __main__ - INFO - 处理股票 AVB，最后更新时间: 2025-04-16 00:00:00
2025-06-10 09:03:59,519 - __main__ - INFO - 股票 AVB 的数据已更新 55 天 9 小时前
2025-06-10 09:03:59,519 - __main__ - INFO - 股票 AVB 的最后更新日期为: 2025-04-16 00:00:00
2025-06-10 09:03:59,519 - __main__ - INFO - 将获取股票 AVB 从 2025-04-17 到 2025-06-10 的数据
2025-06-10 09:04:00,309 - __main__ - ERROR - 更新股票 AVB 数据时出错: Too Many Requests. Rate limited. Try after a while.
2025-06-10 09:04:00,360 - __main__ - INFO - 处理股票 AVGO，最后更新时间: 2025-04-16 00:00:00
2025-06-10 09:04:00,360 - __main__ - INFO - 股票 AVGO 的数据已更新 55 天 9 小时前
2025-06-10 09:04:00,360 - __main__ - INFO - 股票 AVGO 的最后更新日期为: 2025-04-16 00:00:00
2025-06-10 09:04:00,360 - __main__ - INFO - 将获取股票 AVGO 从 2025-04-17 到 2025-06-10 的数据
2025-06-10 09:04:01,190 - __main__ - ERROR - 更新股票 AVGO 数据时出错: Too Many Requests. Rate limited. Try after a while.
2025-06-10 09:04:01,211 - __main__ - INFO - 处理股票 AVY，最后更新时间: 2025-04-16 00:00:00
2025-06-10 09:04:01,211 - __main__ - INFO - 股票 AVY 的数据已更新 55 天 9 小时前
2025-06-10 09:04:01,211 - __main__ - INFO - 股票 AVY 的最后更新日期为: 2025-04-16 00:00:00
2025-06-10 09:04:01,212 - __main__ - INFO - 将获取股票 AVY 从 2025-04-17 到 2025-06-10 的数据
2025-06-10 09:04:01,973 - __main__ - ERROR - 更新股票 AVY 数据时出错: Too Many Requests. Rate limited. Try after a while.
2025-06-10 09:04:02,011 - __main__ - INFO - 处理股票 AWK，最后更新时间: 2025-04-16 00:00:00
2025-06-10 09:04:02,011 - __main__ - INFO - 股票 AWK 的数据已更新 55 天 9 小时前
2025-06-10 09:04:02,012 - __main__ - INFO - 股票 AWK 的最后更新日期为: 2025-04-16 00:00:00
2025-06-10 09:04:02,012 - __main__ - INFO - 将获取股票 AWK 从 2025-04-17 到 2025-06-10 的数据
2025-06-10 09:04:03,113 - __main__ - ERROR - 更新股票 AWK 数据时出错: Too Many Requests. Rate limited. Try after a while.
2025-06-10 09:04:03,149 - __main__ - INFO - 处理股票 AXON，最后更新时间: 2025-04-16 00:00:00
2025-06-10 09:04:03,149 - __main__ - INFO - 股票 AXON 的数据已更新 55 天 9 小时前
2025-06-10 09:04:03,149 - __main__ - INFO - 股票 AXON 的最后更新日期为: 2025-04-16 00:00:00
2025-06-10 09:04:03,149 - __main__ - INFO - 将获取股票 AXON 从 2025-04-17 到 2025-06-10 的数据
2025-06-10 09:04:03,811 - __main__ - ERROR - 更新股票 AXON 数据时出错: Too Many Requests. Rate limited. Try after a while.
2025-06-10 09:04:03,851 - __main__ - INFO - 处理股票 AXP，最后更新时间: 2025-04-16 00:00:00
2025-06-10 09:04:03,851 - __main__ - INFO - 股票 AXP 的数据已更新 55 天 9 小时前
2025-06-10 09:04:03,852 - __main__ - INFO - 股票 AXP 的最后更新日期为: 2025-04-16 00:00:00
2025-06-10 09:04:03,852 - __main__ - INFO - 将获取股票 AXP 从 2025-04-17 到 2025-06-10 的数据
2025-06-10 09:04:04,621 - __main__ - ERROR - 更新股票 AXP 数据时出错: Too Many Requests. Rate limited. Try after a while.
2025-06-10 09:04:04,669 - __main__ - INFO - 处理股票 AZN，最后更新时间: 2025-04-16 00:00:00
2025-06-10 09:04:04,669 - __main__ - INFO - 股票 AZN 的数据已更新 55 天 9 小时前
2025-06-10 09:04:04,670 - __main__ - INFO - 股票 AZN 的最后更新日期为: 2025-04-16 00:00:00
2025-06-10 09:04:04,670 - __main__ - INFO - 将获取股票 AZN 从 2025-04-17 到 2025-06-10 的数据
2025-06-10 09:04:05,344 - __main__ - ERROR - 更新股票 AZN 数据时出错: Too Many Requests. Rate limited. Try after a while.
2025-06-10 09:04:05,363 - __main__ - INFO - 处理股票 AZO，最后更新时间: 2025-04-16 00:00:00
2025-06-10 09:04:05,363 - __main__ - INFO - 股票 AZO 的数据已更新 55 天 9 小时前
2025-06-10 09:04:05,363 - __main__ - INFO - 股票 AZO 的最后更新日期为: 2025-04-16 00:00:00
2025-06-10 09:04:05,363 - __main__ - INFO - 将获取股票 AZO 从 2025-04-17 到 2025-06-10 的数据
2025-06-10 09:04:06,054 - __main__ - ERROR - 更新股票 AZO 数据时出错: Too Many Requests. Rate limited. Try after a while.
2025-06-10 09:04:06,090 - __main__ - INFO - 处理股票 BA，最后更新时间: 2025-04-16 00:00:00
2025-06-10 09:04:06,090 - __main__ - INFO - 股票 BA 的数据已更新 55 天 9 小时前
2025-06-10 09:04:06,090 - __main__ - INFO - 股票 BA 的最后更新日期为: 2025-04-16 00:00:00
2025-06-10 09:04:06,090 - __main__ - INFO - 将获取股票 BA 从 2025-04-17 到 2025-06-10 的数据
2025-06-10 09:04:06,806 - __main__ - ERROR - 更新股票 BA 数据时出错: Too Many Requests. Rate limited. Try after a while.
2025-06-10 09:04:06,842 - __main__ - INFO - 处理股票 BABA，最后更新时间: 2025-04-16 00:00:00
2025-06-10 09:04:06,842 - __main__ - INFO - 股票 BABA 的数据已更新 55 天 9 小时前
2025-06-10 09:04:06,842 - __main__ - INFO - 股票 BABA 的最后更新日期为: 2025-04-16 00:00:00
2025-06-10 09:04:06,842 - __main__ - INFO - 将获取股票 BABA 从 2025-04-17 到 2025-06-10 的数据
2025-06-10 09:04:07,556 - __main__ - ERROR - 更新股票 BABA 数据时出错: Too Many Requests. Rate limited. Try after a while.
2025-06-10 09:04:07,605 - __main__ - INFO - 处理股票 BAC，最后更新时间: 2025-04-16 00:00:00
2025-06-10 09:04:07,605 - __main__ - INFO - 股票 BAC 的数据已更新 55 天 9 小时前
2025-06-10 09:04:07,605 - __main__ - INFO - 股票 BAC 的最后更新日期为: 2025-04-16 00:00:00
2025-06-10 09:04:07,605 - __main__ - INFO - 将获取股票 BAC 从 2025-04-17 到 2025-06-10 的数据
2025-06-10 09:04:08,321 - __main__ - ERROR - 更新股票 BAC 数据时出错: Too Many Requests. Rate limited. Try after a while.
2025-06-10 09:04:08,368 - __main__ - INFO - 处理股票 BALL，最后更新时间: 2025-04-16 00:00:00
2025-06-10 09:04:08,368 - __main__ - INFO - 股票 BALL 的数据已更新 55 天 9 小时前
2025-06-10 09:04:08,368 - __main__ - INFO - 股票 BALL 的最后更新日期为: 2025-04-16 00:00:00
2025-06-10 09:04:08,368 - __main__ - INFO - 将获取股票 BALL 从 2025-04-17 到 2025-06-10 的数据
2025-06-10 09:04:09,090 - __main__ - ERROR - 更新股票 BALL 数据时出错: Too Many Requests. Rate limited. Try after a while.
2025-06-10 09:04:09,121 - __main__ - INFO - 处理股票 BAX，最后更新时间: 2025-04-16 00:00:00
2025-06-10 09:04:09,121 - __main__ - INFO - 股票 BAX 的数据已更新 55 天 9 小时前
2025-06-10 09:04:09,121 - __main__ - INFO - 股票 BAX 的最后更新日期为: 2025-04-16 00:00:00
2025-06-10 09:04:09,121 - __main__ - INFO - 将获取股票 BAX 从 2025-04-17 到 2025-06-10 的数据
2025-06-10 09:04:10,946 - __main__ - ERROR - 更新股票 BAX 数据时出错: Too Many Requests. Rate limited. Try after a while.
2025-06-10 09:04:10,972 - __main__ - INFO - 处理股票 BBY，最后更新时间: 2025-04-16 00:00:00
2025-06-10 09:04:10,972 - __main__ - INFO - 股票 BBY 的数据已更新 55 天 9 小时前
2025-06-10 09:04:10,973 - __main__ - INFO - 股票 BBY 的最后更新日期为: 2025-04-16 00:00:00
2025-06-10 09:04:10,973 - __main__ - INFO - 将获取股票 BBY 从 2025-04-17 到 2025-06-10 的数据
2025-06-10 09:04:11,883 - __main__ - ERROR - 更新股票 BBY 数据时出错: Too Many Requests. Rate limited. Try after a while.
2025-06-10 09:04:11,918 - __main__ - INFO - 处理股票 BDX，最后更新时间: 2025-04-16 00:00:00
2025-06-10 09:04:11,919 - __main__ - INFO - 股票 BDX 的数据已更新 55 天 9 小时前
2025-06-10 09:04:11,919 - __main__ - INFO - 股票 BDX 的最后更新日期为: 2025-04-16 00:00:00
2025-06-10 09:04:11,919 - __main__ - INFO - 将获取股票 BDX 从 2025-04-17 到 2025-06-10 的数据
2025-06-10 09:04:13,521 - __main__ - ERROR - 更新股票 BDX 数据时出错: Too Many Requests. Rate limited. Try after a while.
2025-06-10 09:04:13,563 - __main__ - INFO - 处理股票 BEN，最后更新时间: 2025-04-16 00:00:00
2025-06-10 09:04:13,563 - __main__ - INFO - 股票 BEN 的数据已更新 55 天 9 小时前
2025-06-10 09:04:13,564 - __main__ - INFO - 股票 BEN 的最后更新日期为: 2025-04-16 00:00:00
2025-06-10 09:04:13,564 - __main__ - INFO - 将获取股票 BEN 从 2025-04-17 到 2025-06-10 的数据
2025-06-10 09:04:14,480 - __main__ - ERROR - 更新股票 BEN 数据时出错: Too Many Requests. Rate limited. Try after a while.
2025-06-10 09:04:14,517 - __main__ - INFO - 处理股票 BG，最后更新时间: 2025-04-16 00:00:00
2025-06-10 09:04:14,517 - __main__ - INFO - 股票 BG 的数据已更新 55 天 9 小时前
2025-06-10 09:04:14,517 - __main__ - INFO - 股票 BG 的最后更新日期为: 2025-04-16 00:00:00
2025-06-10 09:04:14,517 - __main__ - INFO - 将获取股票 BG 从 2025-04-17 到 2025-06-10 的数据
2025-06-10 09:04:15,261 - __main__ - ERROR - 更新股票 BG 数据时出错: Too Many Requests. Rate limited. Try after a while.
2025-06-10 09:04:15,308 - __main__ - INFO - 处理股票 BIIB，最后更新时间: 2025-04-16 00:00:00
2025-06-10 09:04:15,308 - __main__ - INFO - 股票 BIIB 的数据已更新 55 天 9 小时前
2025-06-10 09:04:15,308 - __main__ - INFO - 股票 BIIB 的最后更新日期为: 2025-04-16 00:00:00
2025-06-10 09:04:15,308 - __main__ - INFO - 将获取股票 BIIB 从 2025-04-17 到 2025-06-10 的数据
2025-06-10 09:04:16,484 - __main__ - ERROR - 更新股票 BIIB 数据时出错: Too Many Requests. Rate limited. Try after a while.
2025-06-10 09:04:16,518 - __main__ - INFO - 处理股票 BK，最后更新时间: 2025-04-16 00:00:00
2025-06-10 09:04:16,518 - __main__ - INFO - 股票 BK 的数据已更新 55 天 9 小时前
2025-06-10 09:04:16,518 - __main__ - INFO - 股票 BK 的最后更新日期为: 2025-04-16 00:00:00
2025-06-10 09:04:16,519 - __main__ - INFO - 将获取股票 BK 从 2025-04-17 到 2025-06-10 的数据
2025-06-10 09:04:17,241 - __main__ - ERROR - 更新股票 BK 数据时出错: Too Many Requests. Rate limited. Try after a while.
2025-06-10 09:04:17,271 - __main__ - INFO - 处理股票 BKNG，最后更新时间: 2025-04-16 00:00:00
2025-06-10 09:04:17,271 - __main__ - INFO - 股票 BKNG 的数据已更新 55 天 9 小时前
2025-06-10 09:04:17,271 - __main__ - INFO - 股票 BKNG 的最后更新日期为: 2025-04-16 00:00:00
2025-06-10 09:04:17,271 - __main__ - INFO - 将获取股票 BKNG 从 2025-04-17 到 2025-06-10 的数据
2025-06-10 09:04:17,951 - __main__ - ERROR - 更新股票 BKNG 数据时出错: Too Many Requests. Rate limited. Try after a while.
2025-06-10 09:04:17,997 - __main__ - INFO - 处理股票 BKR，最后更新时间: 2025-04-16 00:00:00
2025-06-10 09:04:17,998 - __main__ - INFO - 股票 BKR 的数据已更新 55 天 9 小时前
2025-06-10 09:04:17,998 - __main__ - INFO - 股票 BKR 的最后更新日期为: 2025-04-16 00:00:00
2025-06-10 09:04:17,998 - __main__ - INFO - 将获取股票 BKR 从 2025-04-17 到 2025-06-10 的数据
2025-06-10 09:04:18,714 - __main__ - ERROR - 更新股票 BKR 数据时出错: Too Many Requests. Rate limited. Try after a while.
2025-06-10 09:04:18,750 - __main__ - INFO - 处理股票 BLDR，最后更新时间: 2025-04-16 00:00:00
2025-06-10 09:04:18,751 - __main__ - INFO - 股票 BLDR 的数据已更新 55 天 9 小时前
2025-06-10 09:04:18,751 - __main__ - INFO - 股票 BLDR 的最后更新日期为: 2025-04-16 00:00:00
2025-06-10 09:04:18,751 - __main__ - INFO - 将获取股票 BLDR 从 2025-04-17 到 2025-06-10 的数据
2025-06-10 09:04:19,535 - __main__ - ERROR - 更新股票 BLDR 数据时出错: Too Many Requests. Rate limited. Try after a while.
2025-06-10 09:04:19,562 - __main__ - INFO - 处理股票 BLK，最后更新时间: 2025-04-16 00:00:00
2025-06-10 09:04:19,562 - __main__ - INFO - 股票 BLK 的数据已更新 55 天 9 小时前
2025-06-10 09:04:19,562 - __main__ - INFO - 股票 BLK 的最后更新日期为: 2025-04-16 00:00:00
2025-06-10 09:04:19,562 - __main__ - INFO - 将获取股票 BLK 从 2025-04-17 到 2025-06-10 的数据
2025-06-10 09:04:20,366 - __main__ - ERROR - 更新股票 BLK 数据时出错: Too Many Requests. Rate limited. Try after a while.
2025-06-10 09:04:20,413 - __main__ - INFO - 处理股票 BMY，最后更新时间: 2025-04-16 00:00:00
2025-06-10 09:04:20,413 - __main__ - INFO - 股票 BMY 的数据已更新 55 天 9 小时前
2025-06-10 09:04:20,414 - __main__ - INFO - 股票 BMY 的最后更新日期为: 2025-04-16 00:00:00
2025-06-10 09:04:20,414 - __main__ - INFO - 将获取股票 BMY 从 2025-04-17 到 2025-06-10 的数据
2025-06-10 09:04:21,170 - __main__ - ERROR - 更新股票 BMY 数据时出错: Too Many Requests. Rate limited. Try after a while.
2025-06-10 09:04:21,208 - __main__ - INFO - 处理股票 BND，最后更新时间: 2025-04-16 00:00:00
2025-06-10 09:04:21,208 - __main__ - INFO - 股票 BND 的数据已更新 55 天 9 小时前
2025-06-10 09:04:21,208 - __main__ - INFO - 股票 BND 的最后更新日期为: 2025-04-16 00:00:00
2025-06-10 09:04:21,208 - __main__ - INFO - 将获取股票 BND 从 2025-04-17 到 2025-06-10 的数据
2025-06-10 09:04:21,987 - __main__ - ERROR - 更新股票 BND 数据时出错: Too Many Requests. Rate limited. Try after a while.
2025-06-10 09:04:22,009 - __main__ - INFO - 处理股票 BR，最后更新时间: 2025-04-16 00:00:00
2025-06-10 09:04:22,010 - __main__ - INFO - 股票 BR 的数据已更新 55 天 9 小时前
2025-06-10 09:04:22,010 - __main__ - INFO - 股票 BR 的最后更新日期为: 2025-04-16 00:00:00
2025-06-10 09:04:22,010 - __main__ - INFO - 将获取股票 BR 从 2025-04-17 到 2025-06-10 的数据
2025-06-10 09:04:23,183 - __main__ - ERROR - 更新股票 BR 数据时出错: Too Many Requests. Rate limited. Try after a while.
2025-06-10 09:04:23,218 - __main__ - INFO - 处理股票 BRK-B，最后更新时间: 2025-04-16 00:00:00
2025-06-10 09:04:23,219 - __main__ - INFO - 股票 BRK-B 的数据已更新 55 天 9 小时前
2025-06-10 09:04:23,219 - __main__ - INFO - 股票 BRK-B 的最后更新日期为: 2025-04-16 00:00:00
2025-06-10 09:04:23,219 - __main__ - INFO - 将获取股票 BRK-B 从 2025-04-17 到 2025-06-10 的数据
2025-06-10 09:04:24,046 - __main__ - ERROR - 更新股票 BRK-B 数据时出错: Too Many Requests. Rate limited. Try after a while.
2025-06-10 09:04:24,091 - __main__ - INFO - 处理股票 BRO，最后更新时间: 2025-04-16 00:00:00
2025-06-10 09:04:24,091 - __main__ - INFO - 股票 BRO 的数据已更新 55 天 9 小时前
2025-06-10 09:04:24,091 - __main__ - INFO - 股票 BRO 的最后更新日期为: 2025-04-16 00:00:00
2025-06-10 09:04:24,091 - __main__ - INFO - 将获取股票 BRO 从 2025-04-17 到 2025-06-10 的数据
2025-06-10 09:04:24,935 - __main__ - ERROR - 更新股票 BRO 数据时出错: Too Many Requests. Rate limited. Try after a while.
2025-06-10 09:04:24,969 - __main__ - INFO - 处理股票 BSX，最后更新时间: 2025-04-16 00:00:00
2025-06-10 09:04:24,969 - __main__ - INFO - 股票 BSX 的数据已更新 55 天 9 小时前
2025-06-10 09:04:24,969 - __main__ - INFO - 股票 BSX 的最后更新日期为: 2025-04-16 00:00:00
2025-06-10 09:04:24,969 - __main__ - INFO - 将获取股票 BSX 从 2025-04-17 到 2025-06-10 的数据
2025-06-10 09:04:25,881 - __main__ - ERROR - 更新股票 BSX 数据时出错: Too Many Requests. Rate limited. Try after a while.
2025-06-10 09:04:25,917 - __main__ - INFO - 处理股票 BWA，最后更新时间: 2025-04-16 00:00:00
2025-06-10 09:04:25,917 - __main__ - INFO - 股票 BWA 的数据已更新 55 天 9 小时前
2025-06-10 09:04:25,917 - __main__ - INFO - 股票 BWA 的最后更新日期为: 2025-04-16 00:00:00
2025-06-10 09:04:25,917 - __main__ - INFO - 将获取股票 BWA 从 2025-04-17 到 2025-06-10 的数据
2025-06-10 09:04:26,681 - __main__ - ERROR - 更新股票 BWA 数据时出错: Too Many Requests. Rate limited. Try after a while.
2025-06-10 09:04:26,710 - __main__ - INFO - 处理股票 BX，最后更新时间: 2025-04-16 00:00:00
2025-06-10 09:04:26,710 - __main__ - INFO - 股票 BX 的数据已更新 55 天 9 小时前
2025-06-10 09:04:26,710 - __main__ - INFO - 股票 BX 的最后更新日期为: 2025-04-16 00:00:00
2025-06-10 09:04:26,710 - __main__ - INFO - 将获取股票 BX 从 2025-04-17 到 2025-06-10 的数据
2025-06-10 09:04:27,535 - __main__ - ERROR - 更新股票 BX 数据时出错: Too Many Requests. Rate limited. Try after a while.
2025-06-10 09:04:27,564 - __main__ - INFO - 处理股票 BXP，最后更新时间: 2025-04-16 00:00:00
2025-06-10 09:04:27,564 - __main__ - INFO - 股票 BXP 的数据已更新 55 天 9 小时前
2025-06-10 09:04:27,564 - __main__ - INFO - 股票 BXP 的最后更新日期为: 2025-04-16 00:00:00
2025-06-10 09:04:27,564 - __main__ - INFO - 将获取股票 BXP 从 2025-04-17 到 2025-06-10 的数据
2025-06-10 09:04:28,381 - __main__ - ERROR - 更新股票 BXP 数据时出错: Too Many Requests. Rate limited. Try after a while.
2025-06-10 09:04:28,416 - __main__ - INFO - 处理股票 C，最后更新时间: 2025-04-16 00:00:00
2025-06-10 09:04:28,416 - __main__ - INFO - 股票 C 的数据已更新 55 天 9 小时前
2025-06-10 09:04:28,416 - __main__ - INFO - 股票 C 的最后更新日期为: 2025-04-16 00:00:00
2025-06-10 09:04:28,416 - __main__ - INFO - 将获取股票 C 从 2025-04-17 到 2025-06-10 的数据
2025-06-10 09:04:29,180 - __main__ - ERROR - 更新股票 C 数据时出错: Too Many Requests. Rate limited. Try after a while.
2025-06-10 09:04:29,218 - __main__ - INFO - 处理股票 CAG，最后更新时间: 2025-04-16 00:00:00
2025-06-10 09:04:29,218 - __main__ - INFO - 股票 CAG 的数据已更新 55 天 9 小时前
2025-06-10 09:04:29,219 - __main__ - INFO - 股票 CAG 的最后更新日期为: 2025-04-16 00:00:00
2025-06-10 09:04:29,219 - __main__ - INFO - 将获取股票 CAG 从 2025-04-17 到 2025-06-10 的数据
2025-06-10 09:04:29,936 - __main__ - ERROR - 更新股票 CAG 数据时出错: Too Many Requests. Rate limited. Try after a while.
2025-06-10 09:04:29,968 - __main__ - INFO - 处理股票 CAH，最后更新时间: 2025-04-16 00:00:00
2025-06-10 09:04:29,968 - __main__ - INFO - 股票 CAH 的数据已更新 55 天 9 小时前
2025-06-10 09:04:29,969 - __main__ - INFO - 股票 CAH 的最后更新日期为: 2025-04-16 00:00:00
2025-06-10 09:04:29,969 - __main__ - INFO - 将获取股票 CAH 从 2025-04-17 到 2025-06-10 的数据
2025-06-10 09:04:30,708 - __main__ - ERROR - 更新股票 CAH 数据时出错: Too Many Requests. Rate limited. Try after a while.
2025-06-10 09:04:30,754 - __main__ - INFO - 处理股票 CAT，最后更新时间: 2025-04-16 00:00:00
2025-06-10 09:04:30,754 - __main__ - INFO - 股票 CAT 的数据已更新 55 天 9 小时前
2025-06-10 09:04:30,755 - __main__ - INFO - 股票 CAT 的最后更新日期为: 2025-04-16 00:00:00
2025-06-10 09:04:30,755 - __main__ - INFO - 将获取股票 CAT 从 2025-04-17 到 2025-06-10 的数据
2025-06-10 09:04:31,601 - __main__ - ERROR - 更新股票 CAT 数据时出错: Too Many Requests. Rate limited. Try after a while.
2025-06-10 09:04:31,648 - __main__ - INFO - 处理股票 CB，最后更新时间: 2025-04-16 00:00:00
2025-06-10 09:04:31,649 - __main__ - INFO - 股票 CB 的数据已更新 55 天 9 小时前
2025-06-10 09:04:31,649 - __main__ - INFO - 股票 CB 的最后更新日期为: 2025-04-16 00:00:00
2025-06-10 09:04:31,649 - __main__ - INFO - 将获取股票 CB 从 2025-04-17 到 2025-06-10 的数据
2025-06-10 09:04:32,457 - __main__ - ERROR - 更新股票 CB 数据时出错: Too Many Requests. Rate limited. Try after a while.
2025-06-10 09:04:32,504 - __main__ - INFO - 处理股票 CBOE，最后更新时间: 2025-04-16 00:00:00
2025-06-10 09:04:32,505 - __main__ - INFO - 股票 CBOE 的数据已更新 55 天 9 小时前
2025-06-10 09:04:32,505 - __main__ - INFO - 股票 CBOE 的最后更新日期为: 2025-04-16 00:00:00
2025-06-10 09:04:32,505 - __main__ - INFO - 将获取股票 CBOE 从 2025-04-17 到 2025-06-10 的数据
2025-06-10 09:04:34,084 - __main__ - ERROR - 更新股票 CBOE 数据时出错: Too Many Requests. Rate limited. Try after a while.
2025-06-10 09:04:34,113 - __main__ - INFO - 处理股票 CBRE，最后更新时间: 2025-04-16 00:00:00
2025-06-10 09:04:34,113 - __main__ - INFO - 股票 CBRE 的数据已更新 55 天 9 小时前
2025-06-10 09:04:34,113 - __main__ - INFO - 股票 CBRE 的最后更新日期为: 2025-04-16 00:00:00
2025-06-10 09:04:34,113 - __main__ - INFO - 将获取股票 CBRE 从 2025-04-17 到 2025-06-10 的数据
2025-06-10 09:04:34,850 - __main__ - ERROR - 更新股票 CBRE 数据时出错: Too Many Requests. Rate limited. Try after a while.
2025-06-10 09:04:34,896 - __main__ - INFO - 处理股票 CCEP，最后更新时间: 2025-04-16 00:00:00
2025-06-10 09:04:34,897 - __main__ - INFO - 股票 CCEP 的数据已更新 55 天 9 小时前
2025-06-10 09:04:34,897 - __main__ - INFO - 股票 CCEP 的最后更新日期为: 2025-04-16 00:00:00
2025-06-10 09:04:34,897 - __main__ - INFO - 将获取股票 CCEP 从 2025-04-17 到 2025-06-10 的数据
2025-06-10 09:04:35,622 - __main__ - ERROR - 更新股票 CCEP 数据时出错: Too Many Requests. Rate limited. Try after a while.
2025-06-10 09:04:35,669 - __main__ - INFO - 处理股票 CCI，最后更新时间: 2025-04-16 00:00:00
2025-06-10 09:04:35,669 - __main__ - INFO - 股票 CCI 的数据已更新 55 天 9 小时前
2025-06-10 09:04:35,669 - __main__ - INFO - 股票 CCI 的最后更新日期为: 2025-04-16 00:00:00
2025-06-10 09:04:35,670 - __main__ - INFO - 将获取股票 CCI 从 2025-04-17 到 2025-06-10 的数据
2025-06-10 09:04:36,363 - __main__ - ERROR - 更新股票 CCI 数据时出错: Too Many Requests. Rate limited. Try after a while.
2025-06-10 09:04:36,401 - __main__ - INFO - 处理股票 CCL，最后更新时间: 2025-04-16 00:00:00
2025-06-10 09:04:36,401 - __main__ - INFO - 股票 CCL 的数据已更新 55 天 9 小时前
2025-06-10 09:04:36,401 - __main__ - INFO - 股票 CCL 的最后更新日期为: 2025-04-16 00:00:00
2025-06-10 09:04:36,401 - __main__ - INFO - 将获取股票 CCL 从 2025-04-17 到 2025-06-10 的数据
2025-06-10 09:04:37,118 - __main__ - ERROR - 更新股票 CCL 数据时出错: Too Many Requests. Rate limited. Try after a while.
2025-06-10 09:04:37,164 - __main__ - INFO - 处理股票 CDNS，最后更新时间: 2025-04-16 00:00:00
2025-06-10 09:04:37,164 - __main__ - INFO - 股票 CDNS 的数据已更新 55 天 9 小时前
2025-06-10 09:04:37,164 - __main__ - INFO - 股票 CDNS 的最后更新日期为: 2025-04-16 00:00:00
2025-06-10 09:04:37,164 - __main__ - INFO - 将获取股票 CDNS 从 2025-04-17 到 2025-06-10 的数据
2025-06-10 09:04:37,958 - __main__ - ERROR - 更新股票 CDNS 数据时出错: Too Many Requests. Rate limited. Try after a while.
2025-06-10 09:04:38,002 - __main__ - INFO - 处理股票 CDW，最后更新时间: 2025-04-16 00:00:00
2025-06-10 09:04:38,003 - __main__ - INFO - 股票 CDW 的数据已更新 55 天 9 小时前
2025-06-10 09:04:38,003 - __main__ - INFO - 股票 CDW 的最后更新日期为: 2025-04-16 00:00:00
2025-06-10 09:04:38,003 - __main__ - INFO - 将获取股票 CDW 从 2025-04-17 到 2025-06-10 的数据
2025-06-10 09:04:38,656 - __main__ - ERROR - 更新股票 CDW 数据时出错: Too Many Requests. Rate limited. Try after a while.
2025-06-10 09:04:38,703 - __main__ - INFO - 处理股票 CE，最后更新时间: 2025-04-16 00:00:00
2025-06-10 09:04:38,703 - __main__ - INFO - 股票 CE 的数据已更新 55 天 9 小时前
2025-06-10 09:04:38,703 - __main__ - INFO - 股票 CE 的最后更新日期为: 2025-04-16 00:00:00
2025-06-10 09:04:38,704 - __main__ - INFO - 将获取股票 CE 从 2025-04-17 到 2025-06-10 的数据
2025-06-10 09:04:39,400 - __main__ - ERROR - 更新股票 CE 数据时出错: Too Many Requests. Rate limited. Try after a while.
2025-06-10 09:04:39,447 - __main__ - INFO - 处理股票 CF，最后更新时间: 2025-04-16 00:00:00
2025-06-10 09:04:39,448 - __main__ - INFO - 股票 CF 的数据已更新 55 天 9 小时前
2025-06-10 09:04:39,448 - __main__ - INFO - 股票 CF 的最后更新日期为: 2025-04-16 00:00:00
2025-06-10 09:04:39,448 - __main__ - INFO - 将获取股票 CF 从 2025-04-17 到 2025-06-10 的数据
2025-06-10 09:04:40,519 - __main__ - ERROR - 更新股票 CF 数据时出错: Too Many Requests. Rate limited. Try after a while.
2025-06-10 09:04:40,558 - __main__ - INFO - 处理股票 CFG，最后更新时间: 2025-04-16 00:00:00
2025-06-10 09:04:40,558 - __main__ - INFO - 股票 CFG 的数据已更新 55 天 9 小时前
2025-06-10 09:04:40,558 - __main__ - INFO - 股票 CFG 的最后更新日期为: 2025-04-16 00:00:00
2025-06-10 09:04:40,558 - __main__ - INFO - 将获取股票 CFG 从 2025-04-17 到 2025-06-10 的数据
2025-06-10 09:04:41,272 - __main__ - ERROR - 更新股票 CFG 数据时出错: Too Many Requests. Rate limited. Try after a while.
2025-06-10 09:04:41,322 - __main__ - INFO - 处理股票 CHD，最后更新时间: 2025-04-16 00:00:00
2025-06-10 09:04:41,322 - __main__ - INFO - 股票 CHD 的数据已更新 55 天 9 小时前
2025-06-10 09:04:41,322 - __main__ - INFO - 股票 CHD 的最后更新日期为: 2025-04-16 00:00:00
2025-06-10 09:04:41,322 - __main__ - INFO - 将获取股票 CHD 从 2025-04-17 到 2025-06-10 的数据
2025-06-10 09:04:42,144 - __main__ - ERROR - 更新股票 CHD 数据时出错: Too Many Requests. Rate limited. Try after a while.
2025-06-10 09:04:42,190 - __main__ - INFO - 处理股票 CHRW，最后更新时间: 2025-04-16 00:00:00
2025-06-10 09:04:42,190 - __main__ - INFO - 股票 CHRW 的数据已更新 55 天 9 小时前
2025-06-10 09:04:42,190 - __main__ - INFO - 股票 CHRW 的最后更新日期为: 2025-04-16 00:00:00
2025-06-10 09:04:42,190 - __main__ - INFO - 将获取股票 CHRW 从 2025-04-17 到 2025-06-10 的数据
2025-06-10 09:04:43,480 - __main__ - ERROR - 更新股票 CHRW 数据时出错: Too Many Requests. Rate limited. Try after a while.
2025-06-10 09:04:43,516 - __main__ - INFO - 处理股票 CHTR，最后更新时间: 2025-04-16 00:00:00
2025-06-10 09:04:43,516 - __main__ - INFO - 股票 CHTR 的数据已更新 55 天 9 小时前
2025-06-10 09:04:43,516 - __main__ - INFO - 股票 CHTR 的最后更新日期为: 2025-04-16 00:00:00
2025-06-10 09:04:43,516 - __main__ - INFO - 将获取股票 CHTR 从 2025-04-17 到 2025-06-10 的数据
2025-06-10 09:04:44,215 - __main__ - ERROR - 更新股票 CHTR 数据时出错: Too Many Requests. Rate limited. Try after a while.
2025-06-10 09:04:44,260 - __main__ - INFO - 处理股票 CI，最后更新时间: 2025-04-16 00:00:00
2025-06-10 09:04:44,260 - __main__ - INFO - 股票 CI 的数据已更新 55 天 9 小时前
2025-06-10 09:04:44,260 - __main__ - INFO - 股票 CI 的最后更新日期为: 2025-04-16 00:00:00
2025-06-10 09:04:44,261 - __main__ - INFO - 将获取股票 CI 从 2025-04-17 到 2025-06-10 的数据
2025-06-10 09:04:44,964 - __main__ - ERROR - 更新股票 CI 数据时出错: Too Many Requests. Rate limited. Try after a while.
2025-06-10 09:04:45,003 - __main__ - INFO - 处理股票 CINF，最后更新时间: 2025-04-16 00:00:00
2025-06-10 09:04:45,003 - __main__ - INFO - 股票 CINF 的数据已更新 55 天 9 小时前
2025-06-10 09:04:45,003 - __main__ - INFO - 股票 CINF 的最后更新日期为: 2025-04-16 00:00:00
2025-06-10 09:04:45,003 - __main__ - INFO - 将获取股票 CINF 从 2025-04-17 到 2025-06-10 的数据
2025-06-10 09:04:45,733 - __main__ - ERROR - 更新股票 CINF 数据时出错: Too Many Requests. Rate limited. Try after a while.
2025-06-10 09:04:45,767 - __main__ - INFO - 处理股票 CL，最后更新时间: 2025-04-16 00:00:00
2025-06-10 09:04:45,767 - __main__ - INFO - 股票 CL 的数据已更新 55 天 9 小时前
2025-06-10 09:04:45,767 - __main__ - INFO - 股票 CL 的最后更新日期为: 2025-04-16 00:00:00
2025-06-10 09:04:45,767 - __main__ - INFO - 将获取股票 CL 从 2025-04-17 到 2025-06-10 的数据
2025-06-10 09:04:46,473 - __main__ - ERROR - 更新股票 CL 数据时出错: Too Many Requests. Rate limited. Try after a while.
2025-06-10 09:04:46,517 - __main__ - INFO - 处理股票 CLX，最后更新时间: 2025-04-16 00:00:00
2025-06-10 09:04:46,518 - __main__ - INFO - 股票 CLX 的数据已更新 55 天 9 小时前
2025-06-10 09:04:46,518 - __main__ - INFO - 股票 CLX 的最后更新日期为: 2025-04-16 00:00:00
2025-06-10 09:04:46,518 - __main__ - INFO - 将获取股票 CLX 从 2025-04-17 到 2025-06-10 的数据
2025-06-10 09:04:47,233 - __main__ - ERROR - 更新股票 CLX 数据时出错: Too Many Requests. Rate limited. Try after a while.
2025-06-10 09:04:47,268 - __main__ - INFO - 处理股票 CMCSA，最后更新时间: 2025-04-16 00:00:00
2025-06-10 09:04:47,268 - __main__ - INFO - 股票 CMCSA 的数据已更新 55 天 9 小时前
2025-06-10 09:04:47,268 - __main__ - INFO - 股票 CMCSA 的最后更新日期为: 2025-04-16 00:00:00
2025-06-10 09:04:47,268 - __main__ - INFO - 将获取股票 CMCSA 从 2025-04-17 到 2025-06-10 的数据
2025-06-10 09:04:48,006 - __main__ - ERROR - 更新股票 CMCSA 数据时出错: Too Many Requests. Rate limited. Try after a while.
2025-06-10 09:04:48,052 - __main__ - INFO - 处理股票 CME，最后更新时间: 2025-04-16 00:00:00
2025-06-10 09:04:48,052 - __main__ - INFO - 股票 CME 的数据已更新 55 天 9 小时前
2025-06-10 09:04:48,052 - __main__ - INFO - 股票 CME 的最后更新日期为: 2025-04-16 00:00:00
2025-06-10 09:04:48,052 - __main__ - INFO - 将获取股票 CME 从 2025-04-17 到 2025-06-10 的数据
2025-06-10 09:04:48,856 - __main__ - ERROR - 更新股票 CME 数据时出错: Too Many Requests. Rate limited. Try after a while.
2025-06-10 09:04:48,902 - __main__ - INFO - 处理股票 CMG，最后更新时间: 2025-04-16 00:00:00
2025-06-10 09:04:48,902 - __main__ - INFO - 股票 CMG 的数据已更新 55 天 9 小时前
2025-06-10 09:04:48,903 - __main__ - INFO - 股票 CMG 的最后更新日期为: 2025-04-16 00:00:00
2025-06-10 09:04:48,903 - __main__ - INFO - 将获取股票 CMG 从 2025-04-17 到 2025-06-10 的数据
2025-06-10 09:04:49,598 - __main__ - ERROR - 更新股票 CMG 数据时出错: Too Many Requests. Rate limited. Try after a while.
2025-06-10 09:04:49,645 - __main__ - INFO - 处理股票 CMI，最后更新时间: 2025-04-16 00:00:00
2025-06-10 09:04:49,645 - __main__ - INFO - 股票 CMI 的数据已更新 55 天 9 小时前
2025-06-10 09:04:49,645 - __main__ - INFO - 股票 CMI 的最后更新日期为: 2025-04-16 00:00:00
2025-06-10 09:04:49,645 - __main__ - INFO - 将获取股票 CMI 从 2025-04-17 到 2025-06-10 的数据
2025-06-10 09:04:50,424 - __main__ - ERROR - 更新股票 CMI 数据时出错: Too Many Requests. Rate limited. Try after a while.
2025-06-10 09:04:50,464 - __main__ - INFO - 处理股票 CMS，最后更新时间: 2025-04-16 00:00:00
2025-06-10 09:04:50,464 - __main__ - INFO - 股票 CMS 的数据已更新 55 天 9 小时前
2025-06-10 09:04:50,464 - __main__ - INFO - 股票 CMS 的最后更新日期为: 2025-04-16 00:00:00
2025-06-10 09:04:50,464 - __main__ - INFO - 将获取股票 CMS 从 2025-04-17 到 2025-06-10 的数据
2025-06-10 09:04:51,258 - __main__ - ERROR - 更新股票 CMS 数据时出错: Too Many Requests. Rate limited. Try after a while.
2025-06-10 09:04:51,295 - __main__ - INFO - 处理股票 CNC，最后更新时间: 2025-04-16 00:00:00
2025-06-10 09:04:51,295 - __main__ - INFO - 股票 CNC 的数据已更新 55 天 9 小时前
2025-06-10 09:04:51,295 - __main__ - INFO - 股票 CNC 的最后更新日期为: 2025-04-16 00:00:00
2025-06-10 09:04:51,295 - __main__ - INFO - 将获取股票 CNC 从 2025-04-17 到 2025-06-10 的数据
2025-06-10 09:04:52,075 - __main__ - ERROR - 更新股票 CNC 数据时出错: Too Many Requests. Rate limited. Try after a while.
2025-06-10 09:04:52,116 - __main__ - INFO - 处理股票 CNP，最后更新时间: 2025-04-16 00:00:00
2025-06-10 09:04:52,116 - __main__ - INFO - 股票 CNP 的数据已更新 55 天 9 小时前
2025-06-10 09:04:52,116 - __main__ - INFO - 股票 CNP 的最后更新日期为: 2025-04-16 00:00:00
2025-06-10 09:04:52,117 - __main__ - INFO - 将获取股票 CNP 从 2025-04-17 到 2025-06-10 的数据
2025-06-10 09:04:53,134 - __main__ - ERROR - 更新股票 CNP 数据时出错: Too Many Requests. Rate limited. Try after a while.
2025-06-10 09:04:53,165 - __main__ - INFO - 处理股票 COF，最后更新时间: 2025-04-16 00:00:00
2025-06-10 09:04:53,165 - __main__ - INFO - 股票 COF 的数据已更新 55 天 9 小时前
2025-06-10 09:04:53,166 - __main__ - INFO - 股票 COF 的最后更新日期为: 2025-04-16 00:00:00
2025-06-10 09:04:53,166 - __main__ - INFO - 将获取股票 COF 从 2025-04-17 到 2025-06-10 的数据
2025-06-10 09:04:53,908 - __main__ - ERROR - 更新股票 COF 数据时出错: Too Many Requests. Rate limited. Try after a while.
2025-06-10 09:04:53,949 - __main__ - INFO - 处理股票 COO，最后更新时间: 2025-04-16 00:00:00
2025-06-10 09:04:53,950 - __main__ - INFO - 股票 COO 的数据已更新 55 天 9 小时前
2025-06-10 09:04:53,950 - __main__ - INFO - 股票 COO 的最后更新日期为: 2025-04-16 00:00:00
2025-06-10 09:04:53,950 - __main__ - INFO - 将获取股票 COO 从 2025-04-17 到 2025-06-10 的数据
2025-06-10 09:04:54,624 - __main__ - ERROR - 更新股票 COO 数据时出错: Too Many Requests. Rate limited. Try after a while.
2025-06-10 09:04:54,665 - __main__ - INFO - 处理股票 COP，最后更新时间: 2025-04-16 00:00:00
2025-06-10 09:04:54,665 - __main__ - INFO - 股票 COP 的数据已更新 55 天 9 小时前
2025-06-10 09:04:54,666 - __main__ - INFO - 股票 COP 的最后更新日期为: 2025-04-16 00:00:00
2025-06-10 09:04:54,666 - __main__ - INFO - 将获取股票 COP 从 2025-04-17 到 2025-06-10 的数据
2025-06-10 09:04:55,467 - __main__ - ERROR - 更新股票 COP 数据时出错: Too Many Requests. Rate limited. Try after a while.
2025-06-10 09:04:55,507 - __main__ - INFO - 处理股票 COR，最后更新时间: 2025-04-16 00:00:00
2025-06-10 09:04:55,507 - __main__ - INFO - 股票 COR 的数据已更新 55 天 9 小时前
2025-06-10 09:04:55,507 - __main__ - INFO - 股票 COR 的最后更新日期为: 2025-04-16 00:00:00
2025-06-10 09:04:55,507 - __main__ - INFO - 将获取股票 COR 从 2025-04-17 到 2025-06-10 的数据
2025-06-10 09:04:56,254 - __main__ - ERROR - 更新股票 COR 数据时出错: Too Many Requests. Rate limited. Try after a while.
2025-06-10 09:04:56,300 - __main__ - INFO - 处理股票 COST，最后更新时间: 2025-04-16 00:00:00
2025-06-10 09:04:56,300 - __main__ - INFO - 股票 COST 的数据已更新 55 天 9 小时前
2025-06-10 09:04:56,300 - __main__ - INFO - 股票 COST 的最后更新日期为: 2025-04-16 00:00:00
2025-06-10 09:04:56,300 - __main__ - INFO - 将获取股票 COST 从 2025-04-17 到 2025-06-10 的数据
2025-06-10 09:04:57,112 - __main__ - ERROR - 更新股票 COST 数据时出错: Too Many Requests. Rate limited. Try after a while.
2025-06-10 09:04:57,154 - __main__ - INFO - 处理股票 CPAY，最后更新时间: 2025-04-16 00:00:00
2025-06-10 09:04:57,154 - __main__ - INFO - 股票 CPAY 的数据已更新 55 天 9 小时前
2025-06-10 09:04:57,154 - __main__ - INFO - 股票 CPAY 的最后更新日期为: 2025-04-16 00:00:00
2025-06-10 09:04:57,154 - __main__ - INFO - 将获取股票 CPAY 从 2025-04-17 到 2025-06-10 的数据
2025-06-10 09:04:57,879 - __main__ - ERROR - 更新股票 CPAY 数据时出错: Too Many Requests. Rate limited. Try after a while.
2025-06-10 09:04:57,916 - __main__ - INFO - 处理股票 CPB，最后更新时间: 2025-04-16 00:00:00
2025-06-10 09:04:57,916 - __main__ - INFO - 股票 CPB 的数据已更新 55 天 9 小时前
2025-06-10 09:04:57,916 - __main__ - INFO - 股票 CPB 的最后更新日期为: 2025-04-16 00:00:00
2025-06-10 09:04:57,916 - __main__ - INFO - 将获取股票 CPB 从 2025-04-17 到 2025-06-10 的数据
2025-06-10 09:04:58,604 - __main__ - ERROR - 更新股票 CPB 数据时出错: Too Many Requests. Rate limited. Try after a while.
2025-06-10 09:04:58,652 - __main__ - INFO - 处理股票 CPRT，最后更新时间: 2025-04-16 00:00:00
2025-06-10 09:04:58,652 - __main__ - INFO - 股票 CPRT 的数据已更新 55 天 9 小时前
2025-06-10 09:04:58,652 - __main__ - INFO - 股票 CPRT 的最后更新日期为: 2025-04-16 00:00:00
2025-06-10 09:04:58,652 - __main__ - INFO - 将获取股票 CPRT 从 2025-04-17 到 2025-06-10 的数据
2025-06-10 09:04:59,365 - __main__ - ERROR - 更新股票 CPRT 数据时出错: Too Many Requests. Rate limited. Try after a while.
2025-06-10 09:04:59,410 - __main__ - INFO - 处理股票 CPT，最后更新时间: 2025-04-16 00:00:00
2025-06-10 09:04:59,410 - __main__ - INFO - 股票 CPT 的数据已更新 55 天 9 小时前
2025-06-10 09:04:59,410 - __main__ - INFO - 股票 CPT 的最后更新日期为: 2025-04-16 00:00:00
2025-06-10 09:04:59,410 - __main__ - INFO - 将获取股票 CPT 从 2025-04-17 到 2025-06-10 的数据
2025-06-10 09:05:00,093 - __main__ - ERROR - 更新股票 CPT 数据时出错: Too Many Requests. Rate limited. Try after a while.
2025-06-10 09:05:00,112 - __main__ - INFO - 处理股票 CRL，最后更新时间: 2025-04-16 00:00:00
2025-06-10 09:05:00,113 - __main__ - INFO - 股票 CRL 的数据已更新 55 天 9 小时前
2025-06-10 09:05:00,113 - __main__ - INFO - 股票 CRL 的最后更新日期为: 2025-04-16 00:00:00
2025-06-10 09:05:00,113 - __main__ - INFO - 将获取股票 CRL 从 2025-04-17 到 2025-06-10 的数据
2025-06-10 09:05:01,214 - __main__ - ERROR - 更新股票 CRL 数据时出错: Too Many Requests. Rate limited. Try after a while.
2025-06-10 09:05:01,250 - __main__ - INFO - 处理股票 CRM，最后更新时间: 2025-04-16 00:00:00
2025-06-10 09:05:01,250 - __main__ - INFO - 股票 CRM 的数据已更新 55 天 9 小时前
2025-06-10 09:05:01,250 - __main__ - INFO - 股票 CRM 的最后更新日期为: 2025-04-16 00:00:00
2025-06-10 09:05:01,250 - __main__ - INFO - 将获取股票 CRM 从 2025-04-17 到 2025-06-10 的数据
2025-06-10 09:05:01,991 - __main__ - ERROR - 更新股票 CRM 数据时出错: Too Many Requests. Rate limited. Try after a while.
2025-06-10 09:05:02,014 - __main__ - INFO - 处理股票 CSCO，最后更新时间: 2025-04-16 00:00:00
2025-06-10 09:05:02,014 - __main__ - INFO - 股票 CSCO 的数据已更新 55 天 9 小时前
2025-06-10 09:05:02,014 - __main__ - INFO - 股票 CSCO 的最后更新日期为: 2025-04-16 00:00:00
2025-06-10 09:05:02,015 - __main__ - INFO - 将获取股票 CSCO 从 2025-04-17 到 2025-06-10 的数据
2025-06-10 09:05:03,028 - __main__ - ERROR - 更新股票 CSCO 数据时出错: Too Many Requests. Rate limited. Try after a while.
2025-06-10 09:05:03,059 - __main__ - INFO - 处理股票 CSGP，最后更新时间: 2025-04-16 00:00:00
2025-06-10 09:05:03,059 - __main__ - INFO - 股票 CSGP 的数据已更新 55 天 9 小时前
2025-06-10 09:05:03,059 - __main__ - INFO - 股票 CSGP 的最后更新日期为: 2025-04-16 00:00:00
2025-06-10 09:05:03,059 - __main__ - INFO - 将获取股票 CSGP 从 2025-04-17 到 2025-06-10 的数据
2025-06-10 09:05:03,757 - __main__ - ERROR - 更新股票 CSGP 数据时出错: Too Many Requests. Rate limited. Try after a while.
2025-06-10 09:05:03,797 - __main__ - INFO - 处理股票 CSX，最后更新时间: 2025-04-16 00:00:00
2025-06-10 09:05:03,797 - __main__ - INFO - 股票 CSX 的数据已更新 55 天 9 小时前
2025-06-10 09:05:03,797 - __main__ - INFO - 股票 CSX 的最后更新日期为: 2025-04-16 00:00:00
2025-06-10 09:05:03,797 - __main__ - INFO - 将获取股票 CSX 从 2025-04-17 到 2025-06-10 的数据
2025-06-10 09:05:04,541 - __main__ - ERROR - 更新股票 CSX 数据时出错: Too Many Requests. Rate limited. Try after a while.
2025-06-10 09:05:04,589 - __main__ - INFO - 处理股票 CTAS，最后更新时间: 2025-04-16 00:00:00
2025-06-10 09:05:04,589 - __main__ - INFO - 股票 CTAS 的数据已更新 55 天 9 小时前
2025-06-10 09:05:04,590 - __main__ - INFO - 股票 CTAS 的最后更新日期为: 2025-04-16 00:00:00
2025-06-10 09:05:04,590 - __main__ - INFO - 将获取股票 CTAS 从 2025-04-17 到 2025-06-10 的数据
2025-06-10 09:05:05,308 - __main__ - ERROR - 更新股票 CTAS 数据时出错: Too Many Requests. Rate limited. Try after a while.
2025-06-10 09:05:05,353 - __main__ - INFO - 处理股票 CTRA，最后更新时间: 2025-04-16 00:00:00
2025-06-10 09:05:05,353 - __main__ - INFO - 股票 CTRA 的数据已更新 55 天 9 小时前
2025-06-10 09:05:05,353 - __main__ - INFO - 股票 CTRA 的最后更新日期为: 2025-04-16 00:00:00
2025-06-10 09:05:05,353 - __main__ - INFO - 将获取股票 CTRA 从 2025-04-17 到 2025-06-10 的数据
2025-06-10 09:05:06,162 - __main__ - ERROR - 更新股票 CTRA 数据时出错: Too Many Requests. Rate limited. Try after a while.
2025-06-10 09:05:06,204 - __main__ - INFO - 处理股票 CTSH，最后更新时间: 2025-04-16 00:00:00
2025-06-10 09:05:06,204 - __main__ - INFO - 股票 CTSH 的数据已更新 55 天 9 小时前
2025-06-10 09:05:06,204 - __main__ - INFO - 股票 CTSH 的最后更新日期为: 2025-04-16 00:00:00
2025-06-10 09:05:06,204 - __main__ - INFO - 将获取股票 CTSH 从 2025-04-17 到 2025-06-10 的数据
2025-06-10 09:05:07,082 - __main__ - ERROR - 更新股票 CTSH 数据时出错: Too Many Requests. Rate limited. Try after a while.
2025-06-10 09:05:07,117 - __main__ - INFO - 处理股票 CVS，最后更新时间: 2025-04-16 00:00:00
2025-06-10 09:05:07,117 - __main__ - INFO - 股票 CVS 的数据已更新 55 天 9 小时前
2025-06-10 09:05:07,117 - __main__ - INFO - 股票 CVS 的最后更新日期为: 2025-04-16 00:00:00
2025-06-10 09:05:07,117 - __main__ - INFO - 将获取股票 CVS 从 2025-04-17 到 2025-06-10 的数据
2025-06-10 09:05:08,084 - __main__ - ERROR - 更新股票 CVS 数据时出错: Too Many Requests. Rate limited. Try after a while.
2025-06-10 09:05:08,111 - __main__ - INFO - 处理股票 CVX，最后更新时间: 2025-04-16 00:00:00
2025-06-10 09:05:08,111 - __main__ - INFO - 股票 CVX 的数据已更新 55 天 9 小时前
2025-06-10 09:05:08,111 - __main__ - INFO - 股票 CVX 的最后更新日期为: 2025-04-16 00:00:00
2025-06-10 09:05:08,111 - __main__ - INFO - 将获取股票 CVX 从 2025-04-17 到 2025-06-10 的数据
2025-06-10 09:05:08,921 - __main__ - ERROR - 更新股票 CVX 数据时出错: Too Many Requests. Rate limited. Try after a while.
2025-06-10 09:05:08,998 - __main__ - INFO - 处理股票 CZR，最后更新时间: 2025-04-16 00:00:00
2025-06-10 09:05:08,998 - __main__ - INFO - 股票 CZR 的数据已更新 55 天 9 小时前
2025-06-10 09:05:08,998 - __main__ - INFO - 股票 CZR 的最后更新日期为: 2025-04-16 00:00:00
2025-06-10 09:05:08,998 - __main__ - INFO - 将获取股票 CZR 从 2025-04-17 到 2025-06-10 的数据
2025-06-10 09:05:11,679 - __main__ - ERROR - 更新股票 CZR 数据时出错: Too Many Requests. Rate limited. Try after a while.
2025-06-10 09:05:11,714 - __main__ - INFO - 处理股票 D，最后更新时间: 2025-04-16 00:00:00
2025-06-10 09:05:11,714 - __main__ - INFO - 股票 D 的数据已更新 55 天 9 小时前
2025-06-10 09:05:11,715 - __main__ - INFO - 股票 D 的最后更新日期为: 2025-04-16 00:00:00
2025-06-10 09:05:11,715 - __main__ - INFO - 将获取股票 D 从 2025-04-17 到 2025-06-10 的数据
2025-06-10 09:05:12,493 - __main__ - ERROR - 更新股票 D 数据时出错: Too Many Requests. Rate limited. Try after a while.
2025-06-10 09:05:12,546 - __main__ - INFO - 处理股票 DAL，最后更新时间: 2025-04-16 00:00:00
2025-06-10 09:05:12,546 - __main__ - INFO - 股票 DAL 的数据已更新 55 天 9 小时前
2025-06-10 09:05:12,546 - __main__ - INFO - 股票 DAL 的最后更新日期为: 2025-04-16 00:00:00
2025-06-10 09:05:12,546 - __main__ - INFO - 将获取股票 DAL 从 2025-04-17 到 2025-06-10 的数据
2025-06-10 09:05:13,281 - __main__ - ERROR - 更新股票 DAL 数据时出错: Too Many Requests. Rate limited. Try after a while.
2025-06-10 09:05:13,343 - __main__ - INFO - 处理股票 DBC，最后更新时间: 2025-04-16 00:00:00
2025-06-10 09:05:13,343 - __main__ - INFO - 股票 DBC 的数据已更新 55 天 9 小时前
2025-06-10 09:05:13,343 - __main__ - INFO - 股票 DBC 的最后更新日期为: 2025-04-16 00:00:00
2025-06-10 09:05:13,343 - __main__ - INFO - 将获取股票 DBC 从 2025-04-17 到 2025-06-10 的数据
2025-06-10 09:05:14,134 - __main__ - ERROR - 更新股票 DBC 数据时出错: Too Many Requests. Rate limited. Try after a while.
2025-06-10 09:05:14,192 - __main__ - INFO - 处理股票 DD，最后更新时间: 2025-04-16 00:00:00
2025-06-10 09:05:14,192 - __main__ - INFO - 股票 DD 的数据已更新 55 天 9 小时前
2025-06-10 09:05:14,192 - __main__ - INFO - 股票 DD 的最后更新日期为: 2025-04-16 00:00:00
2025-06-10 09:05:14,193 - __main__ - INFO - 将获取股票 DD 从 2025-04-17 到 2025-06-10 的数据
2025-06-10 09:05:14,897 - __main__ - ERROR - 更新股票 DD 数据时出错: Too Many Requests. Rate limited. Try after a while.
2025-06-10 09:05:14,945 - __main__ - INFO - 处理股票 DE，最后更新时间: 2025-04-16 00:00:00
2025-06-10 09:05:14,945 - __main__ - INFO - 股票 DE 的数据已更新 55 天 9 小时前
2025-06-10 09:05:14,945 - __main__ - INFO - 股票 DE 的最后更新日期为: 2025-04-16 00:00:00
2025-06-10 09:05:14,945 - __main__ - INFO - 将获取股票 DE 从 2025-04-17 到 2025-06-10 的数据
2025-06-10 09:05:15,644 - __main__ - ERROR - 更新股票 DE 数据时出错: Too Many Requests. Rate limited. Try after a while.
2025-06-10 09:05:15,695 - __main__ - INFO - 处理股票 DECK，最后更新时间: 2025-04-16 00:00:00
2025-06-10 09:05:15,695 - __main__ - INFO - 股票 DECK 的数据已更新 55 天 9 小时前
2025-06-10 09:05:15,695 - __main__ - INFO - 股票 DECK 的最后更新日期为: 2025-04-16 00:00:00
2025-06-10 09:05:15,696 - __main__ - INFO - 将获取股票 DECK 从 2025-04-17 到 2025-06-10 的数据
2025-06-10 09:05:16,433 - __main__ - ERROR - 更新股票 DECK 数据时出错: Too Many Requests. Rate limited. Try after a while.
2025-06-10 09:05:16,467 - __main__ - INFO - 处理股票 DFS，最后更新时间: 2025-04-16 00:00:00
2025-06-10 09:05:16,468 - __main__ - INFO - 股票 DFS 的数据已更新 55 天 9 小时前
2025-06-10 09:05:16,468 - __main__ - INFO - 股票 DFS 的最后更新日期为: 2025-04-16 00:00:00
2025-06-10 09:05:16,468 - __main__ - INFO - 将获取股票 DFS 从 2025-04-17 到 2025-06-10 的数据
2025-06-10 09:05:17,201 - __main__ - ERROR - 更新股票 DFS 数据时出错: Too Many Requests. Rate limited. Try after a while.
2025-06-10 09:05:17,249 - __main__ - INFO - 处理股票 DG，最后更新时间: 2025-04-16 00:00:00
2025-06-10 09:05:17,249 - __main__ - INFO - 股票 DG 的数据已更新 55 天 9 小时前
2025-06-10 09:05:17,250 - __main__ - INFO - 股票 DG 的最后更新日期为: 2025-04-16 00:00:00
2025-06-10 09:05:17,250 - __main__ - INFO - 将获取股票 DG 从 2025-04-17 到 2025-06-10 的数据
2025-06-10 09:05:18,002 - __main__ - ERROR - 更新股票 DG 数据时出错: Too Many Requests. Rate limited. Try after a while.
2025-06-10 09:05:18,049 - __main__ - INFO - 处理股票 DGX，最后更新时间: 2025-04-16 00:00:00
2025-06-10 09:05:18,049 - __main__ - INFO - 股票 DGX 的数据已更新 55 天 9 小时前
2025-06-10 09:05:18,049 - __main__ - INFO - 股票 DGX 的最后更新日期为: 2025-04-16 00:00:00
2025-06-10 09:05:18,049 - __main__ - INFO - 将获取股票 DGX 从 2025-04-17 到 2025-06-10 的数据
2025-06-10 09:05:19,002 - __main__ - ERROR - 更新股票 DGX 数据时出错: Too Many Requests. Rate limited. Try after a while.
2025-06-10 09:05:19,050 - __main__ - INFO - 处理股票 DHI，最后更新时间: 2025-04-16 00:00:00
2025-06-10 09:05:19,050 - __main__ - INFO - 股票 DHI 的数据已更新 55 天 9 小时前
2025-06-10 09:05:19,050 - __main__ - INFO - 股票 DHI 的最后更新日期为: 2025-04-16 00:00:00
2025-06-10 09:05:19,050 - __main__ - INFO - 将获取股票 DHI 从 2025-04-17 到 2025-06-10 的数据
2025-06-10 09:05:19,848 - __main__ - ERROR - 更新股票 DHI 数据时出错: Too Many Requests. Rate limited. Try after a while.
2025-06-10 09:05:19,895 - __main__ - INFO - 处理股票 DHR，最后更新时间: 2025-04-16 00:00:00
2025-06-10 09:05:19,895 - __main__ - INFO - 股票 DHR 的数据已更新 55 天 9 小时前
2025-06-10 09:05:19,895 - __main__ - INFO - 股票 DHR 的最后更新日期为: 2025-04-16 00:00:00
2025-06-10 09:05:19,896 - __main__ - INFO - 将获取股票 DHR 从 2025-04-17 到 2025-06-10 的数据
2025-06-10 09:05:20,612 - __main__ - ERROR - 更新股票 DHR 数据时出错: Too Many Requests. Rate limited. Try after a while.
2025-06-10 09:05:20,653 - __main__ - INFO - 处理股票 DIA，最后更新时间: 2025-04-16 00:00:00
2025-06-10 09:05:20,653 - __main__ - INFO - 股票 DIA 的数据已更新 55 天 9 小时前
2025-06-10 09:05:20,653 - __main__ - INFO - 股票 DIA 的最后更新日期为: 2025-04-16 00:00:00
2025-06-10 09:05:20,653 - __main__ - INFO - 将获取股票 DIA 从 2025-04-17 到 2025-06-10 的数据
2025-06-10 09:05:21,661 - __main__ - ERROR - 更新股票 DIA 数据时出错: Too Many Requests. Rate limited. Try after a while.
2025-06-10 09:05:21,705 - __main__ - INFO - 处理股票 DIS，最后更新时间: 2025-04-16 00:00:00
2025-06-10 09:05:21,705 - __main__ - INFO - 股票 DIS 的数据已更新 55 天 9 小时前
2025-06-10 09:05:21,705 - __main__ - INFO - 股票 DIS 的最后更新日期为: 2025-04-16 00:00:00
2025-06-10 09:05:21,705 - __main__ - INFO - 将获取股票 DIS 从 2025-04-17 到 2025-06-10 的数据
2025-06-10 09:05:22,438 - __main__ - ERROR - 更新股票 DIS 数据时出错: Too Many Requests. Rate limited. Try after a while.
2025-06-10 09:05:22,508 - __main__ - INFO - 处理股票 DLR，最后更新时间: 2025-04-16 00:00:00
2025-06-10 09:05:22,508 - __main__ - INFO - 股票 DLR 的数据已更新 55 天 9 小时前
2025-06-10 09:05:22,508 - __main__ - INFO - 股票 DLR 的最后更新日期为: 2025-04-16 00:00:00
2025-06-10 09:05:22,508 - __main__ - INFO - 将获取股票 DLR 从 2025-04-17 到 2025-06-10 的数据
2025-06-10 09:05:23,274 - __main__ - ERROR - 更新股票 DLR 数据时出错: Too Many Requests. Rate limited. Try after a while.
2025-06-10 09:05:23,318 - __main__ - INFO - 处理股票 DLTR，最后更新时间: 2025-04-16 00:00:00
2025-06-10 09:05:23,319 - __main__ - INFO - 股票 DLTR 的数据已更新 55 天 9 小时前
2025-06-10 09:05:23,319 - __main__ - INFO - 股票 DLTR 的最后更新日期为: 2025-04-16 00:00:00
2025-06-10 09:05:23,319 - __main__ - INFO - 将获取股票 DLTR 从 2025-04-17 到 2025-06-10 的数据
2025-06-10 09:05:24,031 - __main__ - ERROR - 更新股票 DLTR 数据时出错: Too Many Requests. Rate limited. Try after a while.
2025-06-10 09:05:24,068 - __main__ - INFO - 处理股票 DOC，最后更新时间: 2025-04-16 00:00:00
2025-06-10 09:05:24,068 - __main__ - INFO - 股票 DOC 的数据已更新 55 天 9 小时前
2025-06-10 09:05:24,068 - __main__ - INFO - 股票 DOC 的最后更新日期为: 2025-04-16 00:00:00
2025-06-10 09:05:24,068 - __main__ - INFO - 将获取股票 DOC 从 2025-04-17 到 2025-06-10 的数据
2025-06-10 09:05:24,904 - __main__ - ERROR - 更新股票 DOC 数据时出错: Too Many Requests. Rate limited. Try after a while.
2025-06-10 09:05:24,954 - __main__ - INFO - 处理股票 DOV，最后更新时间: 2025-04-16 00:00:00
2025-06-10 09:05:24,954 - __main__ - INFO - 股票 DOV 的数据已更新 55 天 9 小时前
2025-06-10 09:05:24,954 - __main__ - INFO - 股票 DOV 的最后更新日期为: 2025-04-16 00:00:00
2025-06-10 09:05:24,954 - __main__ - INFO - 将获取股票 DOV 从 2025-04-17 到 2025-06-10 的数据
2025-06-10 09:05:25,916 - __main__ - ERROR - 更新股票 DOV 数据时出错: Too Many Requests. Rate limited. Try after a while.
2025-06-10 09:05:25,962 - __main__ - INFO - 处理股票 DPZ，最后更新时间: 2025-04-16 00:00:00
2025-06-10 09:05:25,962 - __main__ - INFO - 股票 DPZ 的数据已更新 55 天 9 小时前
2025-06-10 09:05:25,962 - __main__ - INFO - 股票 DPZ 的最后更新日期为: 2025-04-16 00:00:00
2025-06-10 09:05:25,962 - __main__ - INFO - 将获取股票 DPZ 从 2025-04-17 到 2025-06-10 的数据
2025-06-10 09:05:26,688 - __main__ - ERROR - 更新股票 DPZ 数据时出错: Too Many Requests. Rate limited. Try after a while.
2025-06-10 09:05:26,717 - __main__ - INFO - 处理股票 DRI，最后更新时间: 2025-04-16 00:00:00
2025-06-10 09:05:26,717 - __main__ - INFO - 股票 DRI 的数据已更新 55 天 9 小时前
2025-06-10 09:05:26,718 - __main__ - INFO - 股票 DRI 的最后更新日期为: 2025-04-16 00:00:00
2025-06-10 09:05:26,718 - __main__ - INFO - 将获取股票 DRI 从 2025-04-17 到 2025-06-10 的数据
2025-06-10 09:05:27,510 - __main__ - ERROR - 更新股票 DRI 数据时出错: Too Many Requests. Rate limited. Try after a while.
2025-06-10 09:05:27,557 - __main__ - INFO - 处理股票 DTE，最后更新时间: 2025-04-16 00:00:00
2025-06-10 09:05:27,558 - __main__ - INFO - 股票 DTE 的数据已更新 55 天 9 小时前
2025-06-10 09:05:27,558 - __main__ - INFO - 股票 DTE 的最后更新日期为: 2025-04-16 00:00:00
2025-06-10 09:05:27,558 - __main__ - INFO - 将获取股票 DTE 从 2025-04-17 到 2025-06-10 的数据
2025-06-10 09:05:28,390 - __main__ - ERROR - 更新股票 DTE 数据时出错: Too Many Requests. Rate limited. Try after a while.
2025-06-10 09:05:28,419 - __main__ - INFO - 处理股票 DUK，最后更新时间: 2025-04-16 00:00:00
2025-06-10 09:05:28,419 - __main__ - INFO - 股票 DUK 的数据已更新 55 天 9 小时前
2025-06-10 09:05:28,419 - __main__ - INFO - 股票 DUK 的最后更新日期为: 2025-04-16 00:00:00
2025-06-10 09:05:28,419 - __main__ - INFO - 将获取股票 DUK 从 2025-04-17 到 2025-06-10 的数据
2025-06-10 09:05:29,387 - __main__ - ERROR - 更新股票 DUK 数据时出错: Too Many Requests. Rate limited. Try after a while.
2025-06-10 09:05:29,438 - __main__ - INFO - 处理股票 DVA，最后更新时间: 2025-04-16 00:00:00
2025-06-10 09:05:29,438 - __main__ - INFO - 股票 DVA 的数据已更新 55 天 9 小时前
2025-06-10 09:05:29,439 - __main__ - INFO - 股票 DVA 的最后更新日期为: 2025-04-16 00:00:00
2025-06-10 09:05:29,439 - __main__ - INFO - 将获取股票 DVA 从 2025-04-17 到 2025-06-10 的数据
2025-06-10 09:05:30,196 - __main__ - ERROR - 更新股票 DVA 数据时出错: Too Many Requests. Rate limited. Try after a while.
2025-06-10 09:05:30,241 - __main__ - INFO - 处理股票 DVN，最后更新时间: 2025-04-16 00:00:00
2025-06-10 09:05:30,241 - __main__ - INFO - 股票 DVN 的数据已更新 55 天 9 小时前
2025-06-10 09:05:30,241 - __main__ - INFO - 股票 DVN 的最后更新日期为: 2025-04-16 00:00:00
2025-06-10 09:05:30,241 - __main__ - INFO - 将获取股票 DVN 从 2025-04-17 到 2025-06-10 的数据
2025-06-10 09:05:31,021 - __main__ - ERROR - 更新股票 DVN 数据时出错: Too Many Requests. Rate limited. Try after a while.
2025-06-10 09:05:31,071 - __main__ - INFO - 处理股票 DXCM，最后更新时间: 2025-04-16 00:00:00
2025-06-10 09:05:31,071 - __main__ - INFO - 股票 DXCM 的数据已更新 55 天 9 小时前
2025-06-10 09:05:31,071 - __main__ - INFO - 股票 DXCM 的最后更新日期为: 2025-04-16 00:00:00
2025-06-10 09:05:31,071 - __main__ - INFO - 将获取股票 DXCM 从 2025-04-17 到 2025-06-10 的数据
2025-06-10 09:05:31,751 - __main__ - ERROR - 更新股票 DXCM 数据时出错: Too Many Requests. Rate limited. Try after a while.
2025-06-10 09:05:31,796 - __main__ - INFO - 处理股票 EA，最后更新时间: 2025-04-16 00:00:00
2025-06-10 09:05:31,796 - __main__ - INFO - 股票 EA 的数据已更新 55 天 9 小时前
2025-06-10 09:05:31,796 - __main__ - INFO - 股票 EA 的最后更新日期为: 2025-04-16 00:00:00
2025-06-10 09:05:31,796 - __main__ - INFO - 将获取股票 EA 从 2025-04-17 到 2025-06-10 的数据
2025-06-10 09:05:32,612 - __main__ - ERROR - 更新股票 EA 数据时出错: Too Many Requests. Rate limited. Try after a while.
2025-06-10 09:05:32,659 - __main__ - INFO - 处理股票 EBAY，最后更新时间: 2025-04-16 00:00:00
2025-06-10 09:05:32,659 - __main__ - INFO - 股票 EBAY 的数据已更新 55 天 9 小时前
2025-06-10 09:05:32,660 - __main__ - INFO - 股票 EBAY 的最后更新日期为: 2025-04-16 00:00:00
2025-06-10 09:05:32,660 - __main__ - INFO - 将获取股票 EBAY 从 2025-04-17 到 2025-06-10 的数据
2025-06-10 09:05:33,434 - __main__ - ERROR - 更新股票 EBAY 数据时出错: Too Many Requests. Rate limited. Try after a while.
2025-06-10 09:05:33,456 - __main__ - INFO - 处理股票 ECL，最后更新时间: 2025-04-16 00:00:00
2025-06-10 09:05:33,456 - __main__ - INFO - 股票 ECL 的数据已更新 55 天 9 小时前
2025-06-10 09:05:33,456 - __main__ - INFO - 股票 ECL 的最后更新日期为: 2025-04-16 00:00:00
2025-06-10 09:05:33,456 - __main__ - INFO - 将获取股票 ECL 从 2025-04-17 到 2025-06-10 的数据
2025-06-10 09:05:34,197 - __main__ - ERROR - 更新股票 ECL 数据时出错: Too Many Requests. Rate limited. Try after a while.
2025-06-10 09:05:34,244 - __main__ - INFO - 处理股票 ED，最后更新时间: 2025-04-16 00:00:00
2025-06-10 09:05:34,245 - __main__ - INFO - 股票 ED 的数据已更新 55 天 9 小时前
2025-06-10 09:05:34,245 - __main__ - INFO - 股票 ED 的最后更新日期为: 2025-04-16 00:00:00
2025-06-10 09:05:34,245 - __main__ - INFO - 将获取股票 ED 从 2025-04-17 到 2025-06-10 的数据
2025-06-10 09:05:34,968 - __main__ - ERROR - 更新股票 ED 数据时出错: Too Many Requests. Rate limited. Try after a while.
2025-06-10 09:05:35,015 - __main__ - INFO - 处理股票 EFX，最后更新时间: 2025-04-16 00:00:00
2025-06-10 09:05:35,016 - __main__ - INFO - 股票 EFX 的数据已更新 55 天 9 小时前
2025-06-10 09:05:35,016 - __main__ - INFO - 股票 EFX 的最后更新日期为: 2025-04-16 00:00:00
2025-06-10 09:05:35,016 - __main__ - INFO - 将获取股票 EFX 从 2025-04-17 到 2025-06-10 的数据
2025-06-10 09:05:35,664 - __main__ - ERROR - 更新股票 EFX 数据时出错: Too Many Requests. Rate limited. Try after a while.
2025-06-10 09:05:35,711 - __main__ - INFO - 处理股票 EG，最后更新时间: 2025-04-16 00:00:00
2025-06-10 09:05:35,712 - __main__ - INFO - 股票 EG 的数据已更新 55 天 9 小时前
2025-06-10 09:05:35,712 - __main__ - INFO - 股票 EG 的最后更新日期为: 2025-04-16 00:00:00
2025-06-10 09:05:35,712 - __main__ - INFO - 将获取股票 EG 从 2025-04-17 到 2025-06-10 的数据
2025-06-10 09:05:36,823 - __main__ - ERROR - 更新股票 EG 数据时出错: Too Many Requests. Rate limited. Try after a while.
2025-06-10 09:05:36,860 - __main__ - INFO - 处理股票 EIX，最后更新时间: 2025-04-16 00:00:00
2025-06-10 09:05:36,860 - __main__ - INFO - 股票 EIX 的数据已更新 55 天 9 小时前
2025-06-10 09:05:36,860 - __main__ - INFO - 股票 EIX 的最后更新日期为: 2025-04-16 00:00:00
2025-06-10 09:05:36,860 - __main__ - INFO - 将获取股票 EIX 从 2025-04-17 到 2025-06-10 的数据
2025-06-10 09:05:37,787 - __main__ - ERROR - 更新股票 EIX 数据时出错: Too Many Requests. Rate limited. Try after a while.
2025-06-10 09:05:37,816 - __main__ - INFO - 处理股票 EL，最后更新时间: 2025-04-16 00:00:00
2025-06-10 09:05:37,817 - __main__ - INFO - 股票 EL 的数据已更新 55 天 9 小时前
2025-06-10 09:05:37,817 - __main__ - INFO - 股票 EL 的最后更新日期为: 2025-04-16 00:00:00
2025-06-10 09:05:37,817 - __main__ - INFO - 将获取股票 EL 从 2025-04-17 到 2025-06-10 的数据
2025-06-10 09:05:38,651 - __main__ - ERROR - 更新股票 EL 数据时出错: Too Many Requests. Rate limited. Try after a while.
2025-06-10 09:05:38,702 - __main__ - INFO - 处理股票 ELV，最后更新时间: 2025-04-16 00:00:00
2025-06-10 09:05:38,703 - __main__ - INFO - 股票 ELV 的数据已更新 55 天 9 小时前
2025-06-10 09:05:38,703 - __main__ - INFO - 股票 ELV 的最后更新日期为: 2025-04-16 00:00:00
2025-06-10 09:05:38,703 - __main__ - INFO - 将获取股票 ELV 从 2025-04-17 到 2025-06-10 的数据
2025-06-10 09:05:39,586 - __main__ - ERROR - 更新股票 ELV 数据时出错: Too Many Requests. Rate limited. Try after a while.
2025-06-10 09:05:39,616 - __main__ - INFO - 处理股票 EMN，最后更新时间: 2025-04-16 00:00:00
2025-06-10 09:05:39,616 - __main__ - INFO - 股票 EMN 的数据已更新 55 天 9 小时前
2025-06-10 09:05:39,616 - __main__ - INFO - 股票 EMN 的最后更新日期为: 2025-04-16 00:00:00
2025-06-10 09:05:39,617 - __main__ - INFO - 将获取股票 EMN 从 2025-04-17 到 2025-06-10 的数据
2025-06-10 09:05:40,301 - __main__ - ERROR - 更新股票 EMN 数据时出错: Too Many Requests. Rate limited. Try after a while.
2025-06-10 09:05:40,349 - __main__ - INFO - 处理股票 EMR，最后更新时间: 2025-04-16 00:00:00
2025-06-10 09:05:40,349 - __main__ - INFO - 股票 EMR 的数据已更新 55 天 9 小时前
2025-06-10 09:05:40,350 - __main__ - INFO - 股票 EMR 的最后更新日期为: 2025-04-16 00:00:00
2025-06-10 09:05:40,350 - __main__ - INFO - 将获取股票 EMR 从 2025-04-17 到 2025-06-10 的数据
2025-06-10 09:05:41,034 - __main__ - ERROR - 更新股票 EMR 数据时出错: Too Many Requests. Rate limited. Try after a while.
2025-06-10 09:05:41,068 - __main__ - INFO - 处理股票 ENPH，最后更新时间: 2025-04-16 00:00:00
2025-06-10 09:05:41,068 - __main__ - INFO - 股票 ENPH 的数据已更新 55 天 9 小时前
2025-06-10 09:05:41,068 - __main__ - INFO - 股票 ENPH 的最后更新日期为: 2025-04-16 00:00:00
2025-06-10 09:05:41,068 - __main__ - INFO - 将获取股票 ENPH 从 2025-04-17 到 2025-06-10 的数据
2025-06-10 09:05:41,750 - __main__ - ERROR - 更新股票 ENPH 数据时出错: Too Many Requests. Rate limited. Try after a while.
2025-06-10 09:05:41,793 - __main__ - INFO - 处理股票 EOG，最后更新时间: 2025-04-16 00:00:00
2025-06-10 09:05:41,793 - __main__ - INFO - 股票 EOG 的数据已更新 55 天 9 小时前
2025-06-10 09:05:41,793 - __main__ - INFO - 股票 EOG 的最后更新日期为: 2025-04-16 00:00:00
2025-06-10 09:05:41,793 - __main__ - INFO - 将获取股票 EOG 从 2025-04-17 到 2025-06-10 的数据
2025-06-10 09:05:42,580 - __main__ - ERROR - 更新股票 EOG 数据时出错: Too Many Requests. Rate limited. Try after a while.
2025-06-10 09:05:42,617 - __main__ - INFO - 处理股票 EPAM，最后更新时间: 2025-04-16 00:00:00
2025-06-10 09:05:42,618 - __main__ - INFO - 股票 EPAM 的数据已更新 55 天 9 小时前
2025-06-10 09:05:42,618 - __main__ - INFO - 股票 EPAM 的最后更新日期为: 2025-04-16 00:00:00
2025-06-10 09:05:42,618 - __main__ - INFO - 将获取股票 EPAM 从 2025-04-17 到 2025-06-10 的数据
2025-06-10 09:05:43,307 - __main__ - ERROR - 更新股票 EPAM 数据时出错: Too Many Requests. Rate limited. Try after a while.
2025-06-10 09:05:43,347 - __main__ - INFO - 处理股票 EQIX，最后更新时间: 2025-04-16 00:00:00
2025-06-10 09:05:43,347 - __main__ - INFO - 股票 EQIX 的数据已更新 55 天 9 小时前
2025-06-10 09:05:43,347 - __main__ - INFO - 股票 EQIX 的最后更新日期为: 2025-04-16 00:00:00
2025-06-10 09:05:43,347 - __main__ - INFO - 将获取股票 EQIX 从 2025-04-17 到 2025-06-10 的数据
2025-06-10 09:05:44,230 - __main__ - ERROR - 更新股票 EQIX 数据时出错: Too Many Requests. Rate limited. Try after a while.
2025-06-10 09:05:44,270 - __main__ - INFO - 处理股票 EQR，最后更新时间: 2025-04-16 00:00:00
2025-06-10 09:05:44,270 - __main__ - INFO - 股票 EQR 的数据已更新 55 天 9 小时前
2025-06-10 09:05:44,270 - __main__ - INFO - 股票 EQR 的最后更新日期为: 2025-04-16 00:00:00
2025-06-10 09:05:44,270 - __main__ - INFO - 将获取股票 EQR 从 2025-04-17 到 2025-06-10 的数据
2025-06-10 09:05:44,938 - __main__ - ERROR - 更新股票 EQR 数据时出错: Too Many Requests. Rate limited. Try after a while.
2025-06-10 09:05:44,968 - __main__ - INFO - 处理股票 EQT，最后更新时间: 2025-04-16 00:00:00
2025-06-10 09:05:44,968 - __main__ - INFO - 股票 EQT 的数据已更新 55 天 9 小时前
2025-06-10 09:05:44,968 - __main__ - INFO - 股票 EQT 的最后更新日期为: 2025-04-16 00:00:00
2025-06-10 09:05:44,968 - __main__ - INFO - 将获取股票 EQT 从 2025-04-17 到 2025-06-10 的数据
2025-06-10 09:05:45,693 - __main__ - ERROR - 更新股票 EQT 数据时出错: Too Many Requests. Rate limited. Try after a while.
2025-06-10 09:05:45,738 - __main__ - INFO - 处理股票 ERIE，最后更新时间: 2025-04-16 00:00:00
2025-06-10 09:05:45,738 - __main__ - INFO - 股票 ERIE 的数据已更新 55 天 9 小时前
2025-06-10 09:05:45,738 - __main__ - INFO - 股票 ERIE 的最后更新日期为: 2025-04-16 00:00:00
2025-06-10 09:05:45,738 - __main__ - INFO - 将获取股票 ERIE 从 2025-04-17 到 2025-06-10 的数据
2025-06-10 09:05:46,517 - __main__ - ERROR - 更新股票 ERIE 数据时出错: Too Many Requests. Rate limited. Try after a while.
2025-06-10 09:05:46,565 - __main__ - INFO - 处理股票 ES，最后更新时间: 2025-04-16 00:00:00
2025-06-10 09:05:46,565 - __main__ - INFO - 股票 ES 的数据已更新 55 天 9 小时前
2025-06-10 09:05:46,565 - __main__ - INFO - 股票 ES 的最后更新日期为: 2025-04-16 00:00:00
2025-06-10 09:05:46,565 - __main__ - INFO - 将获取股票 ES 从 2025-04-17 到 2025-06-10 的数据
2025-06-10 09:05:47,278 - __main__ - ERROR - 更新股票 ES 数据时出错: Too Many Requests. Rate limited. Try after a while.
2025-06-10 09:05:47,313 - __main__ - INFO - 处理股票 ESS，最后更新时间: 2025-04-16 00:00:00
2025-06-10 09:05:47,313 - __main__ - INFO - 股票 ESS 的数据已更新 55 天 9 小时前
2025-06-10 09:05:47,313 - __main__ - INFO - 股票 ESS 的最后更新日期为: 2025-04-16 00:00:00
2025-06-10 09:05:47,313 - __main__ - INFO - 将获取股票 ESS 从 2025-04-17 到 2025-06-10 的数据
2025-06-10 09:05:47,999 - __main__ - ERROR - 更新股票 ESS 数据时出错: Too Many Requests. Rate limited. Try after a while.
2025-06-10 09:05:48,049 - __main__ - INFO - 处理股票 ETN，最后更新时间: 2025-04-16 00:00:00
2025-06-10 09:05:48,049 - __main__ - INFO - 股票 ETN 的数据已更新 55 天 9 小时前
2025-06-10 09:05:48,049 - __main__ - INFO - 股票 ETN 的最后更新日期为: 2025-04-16 00:00:00
2025-06-10 09:05:48,049 - __main__ - INFO - 将获取股票 ETN 从 2025-04-17 到 2025-06-10 的数据
2025-06-10 09:05:49,077 - __main__ - ERROR - 更新股票 ETN 数据时出错: Too Many Requests. Rate limited. Try after a while.
2025-06-10 09:05:49,116 - __main__ - INFO - 处理股票 ETR，最后更新时间: 2025-04-16 00:00:00
2025-06-10 09:05:49,116 - __main__ - INFO - 股票 ETR 的数据已更新 55 天 9 小时前
2025-06-10 09:05:49,116 - __main__ - INFO - 股票 ETR 的最后更新日期为: 2025-04-16 00:00:00
2025-06-10 09:05:49,117 - __main__ - INFO - 将获取股票 ETR 从 2025-04-17 到 2025-06-10 的数据
2025-06-10 09:05:49,892 - __main__ - ERROR - 更新股票 ETR 数据时出错: Too Many Requests. Rate limited. Try after a while.
2025-06-10 09:05:49,970 - __main__ - INFO - 处理股票 EVRG，最后更新时间: 2025-04-16 00:00:00
2025-06-10 09:05:49,970 - __main__ - INFO - 股票 EVRG 的数据已更新 55 天 9 小时前
2025-06-10 09:05:49,970 - __main__ - INFO - 股票 EVRG 的最后更新日期为: 2025-04-16 00:00:00
2025-06-10 09:05:49,970 - __main__ - INFO - 将获取股票 EVRG 从 2025-04-17 到 2025-06-10 的数据
2025-06-10 09:05:50,769 - __main__ - ERROR - 更新股票 EVRG 数据时出错: Too Many Requests. Rate limited. Try after a while.
2025-06-10 09:05:50,859 - __main__ - INFO - 处理股票 EW，最后更新时间: 2025-04-16 00:00:00
2025-06-10 09:05:50,859 - __main__ - INFO - 股票 EW 的数据已更新 55 天 9 小时前
2025-06-10 09:05:50,860 - __main__ - INFO - 股票 EW 的最后更新日期为: 2025-04-16 00:00:00
2025-06-10 09:05:50,860 - __main__ - INFO - 将获取股票 EW 从 2025-04-17 到 2025-06-10 的数据
2025-06-10 09:05:51,550 - __main__ - ERROR - 更新股票 EW 数据时出错: Too Many Requests. Rate limited. Try after a while.
2025-06-10 09:05:51,587 - __main__ - INFO - 处理股票 EXC，最后更新时间: 2025-04-16 00:00:00
2025-06-10 09:05:51,588 - __main__ - INFO - 股票 EXC 的数据已更新 55 天 9 小时前
2025-06-10 09:05:51,588 - __main__ - INFO - 股票 EXC 的最后更新日期为: 2025-04-16 00:00:00
2025-06-10 09:05:51,588 - __main__ - INFO - 将获取股票 EXC 从 2025-04-17 到 2025-06-10 的数据
2025-06-10 09:05:52,288 - __main__ - ERROR - 更新股票 EXC 数据时出错: Too Many Requests. Rate limited. Try after a while.
2025-06-10 09:05:52,320 - __main__ - INFO - 处理股票 EXPD，最后更新时间: 2025-04-16 00:00:00
2025-06-10 09:05:52,320 - __main__ - INFO - 股票 EXPD 的数据已更新 55 天 9 小时前
2025-06-10 09:05:52,321 - __main__ - INFO - 股票 EXPD 的最后更新日期为: 2025-04-16 00:00:00
2025-06-10 09:05:52,321 - __main__ - INFO - 将获取股票 EXPD 从 2025-04-17 到 2025-06-10 的数据
2025-06-10 09:05:53,023 - __main__ - ERROR - 更新股票 EXPD 数据时出错: Too Many Requests. Rate limited. Try after a while.
2025-06-10 09:05:53,067 - __main__ - INFO - 处理股票 EXPE，最后更新时间: 2025-04-16 00:00:00
2025-06-10 09:05:53,067 - __main__ - INFO - 股票 EXPE 的数据已更新 55 天 9 小时前
2025-06-10 09:05:53,067 - __main__ - INFO - 股票 EXPE 的最后更新日期为: 2025-04-16 00:00:00
2025-06-10 09:05:53,068 - __main__ - INFO - 将获取股票 EXPE 从 2025-04-17 到 2025-06-10 的数据
2025-06-10 09:05:53,823 - __main__ - ERROR - 更新股票 EXPE 数据时出错: Too Many Requests. Rate limited. Try after a while.
2025-06-10 09:05:53,865 - __main__ - INFO - 处理股票 EXR，最后更新时间: 2025-04-16 00:00:00
2025-06-10 09:05:53,865 - __main__ - INFO - 股票 EXR 的数据已更新 55 天 9 小时前
2025-06-10 09:05:53,865 - __main__ - INFO - 股票 EXR 的最后更新日期为: 2025-04-16 00:00:00
2025-06-10 09:05:53,866 - __main__ - INFO - 将获取股票 EXR 从 2025-04-17 到 2025-06-10 的数据
2025-06-10 09:05:54,838 - __main__ - ERROR - 更新股票 EXR 数据时出错: Too Many Requests. Rate limited. Try after a while.
2025-06-10 09:05:54,901 - __main__ - INFO - 处理股票 F，最后更新时间: 2025-04-16 00:00:00
2025-06-10 09:05:54,901 - __main__ - INFO - 股票 F 的数据已更新 55 天 9 小时前
2025-06-10 09:05:54,901 - __main__ - INFO - 股票 F 的最后更新日期为: 2025-04-16 00:00:00
2025-06-10 09:05:54,901 - __main__ - INFO - 将获取股票 F 从 2025-04-17 到 2025-06-10 的数据
2025-06-10 09:05:55,947 - __main__ - ERROR - 更新股票 F 数据时出错: Too Many Requests. Rate limited. Try after a while.
2025-06-10 09:05:56,007 - __main__ - INFO - 处理股票 FANG，最后更新时间: 2025-04-16 00:00:00
2025-06-10 09:05:56,008 - __main__ - INFO - 股票 FANG 的数据已更新 55 天 9 小时前
2025-06-10 09:05:56,008 - __main__ - INFO - 股票 FANG 的最后更新日期为: 2025-04-16 00:00:00
2025-06-10 09:05:56,008 - __main__ - INFO - 将获取股票 FANG 从 2025-04-17 到 2025-06-10 的数据
2025-06-10 09:05:56,851 - __main__ - ERROR - 更新股票 FANG 数据时出错: Too Many Requests. Rate limited. Try after a while.
2025-06-10 09:05:56,897 - __main__ - INFO - 处理股票 FAST，最后更新时间: 2025-04-16 00:00:00
2025-06-10 09:05:56,898 - __main__ - INFO - 股票 FAST 的数据已更新 55 天 9 小时前
2025-06-10 09:05:56,898 - __main__ - INFO - 股票 FAST 的最后更新日期为: 2025-04-16 00:00:00
2025-06-10 09:05:56,898 - __main__ - INFO - 将获取股票 FAST 从 2025-04-17 到 2025-06-10 的数据
2025-06-10 09:05:57,575 - __main__ - ERROR - 更新股票 FAST 数据时出错: Too Many Requests. Rate limited. Try after a while.
2025-06-10 09:05:57,618 - __main__ - INFO - 处理股票 FCX，最后更新时间: 2025-04-16 00:00:00
2025-06-10 09:05:57,618 - __main__ - INFO - 股票 FCX 的数据已更新 55 天 9 小时前
2025-06-10 09:05:57,618 - __main__ - INFO - 股票 FCX 的最后更新日期为: 2025-04-16 00:00:00
2025-06-10 09:05:57,618 - __main__ - INFO - 将获取股票 FCX 从 2025-04-17 到 2025-06-10 的数据
2025-06-10 09:05:58,333 - __main__ - ERROR - 更新股票 FCX 数据时出错: Too Many Requests. Rate limited. Try after a while.
2025-06-10 09:05:58,366 - __main__ - INFO - 处理股票 FDS，最后更新时间: 2025-04-16 00:00:00
2025-06-10 09:05:58,366 - __main__ - INFO - 股票 FDS 的数据已更新 55 天 9 小时前
2025-06-10 09:05:58,366 - __main__ - INFO - 股票 FDS 的最后更新日期为: 2025-04-16 00:00:00
2025-06-10 09:05:58,366 - __main__ - INFO - 将获取股票 FDS 从 2025-04-17 到 2025-06-10 的数据
2025-06-10 09:05:59,107 - __main__ - ERROR - 更新股票 FDS 数据时出错: Too Many Requests. Rate limited. Try after a while.
2025-06-10 09:05:59,155 - __main__ - INFO - 处理股票 FDX，最后更新时间: 2025-04-16 00:00:00
2025-06-10 09:05:59,155 - __main__ - INFO - 股票 FDX 的数据已更新 55 天 9 小时前
2025-06-10 09:05:59,156 - __main__ - INFO - 股票 FDX 的最后更新日期为: 2025-04-16 00:00:00
2025-06-10 09:05:59,156 - __main__ - INFO - 将获取股票 FDX 从 2025-04-17 到 2025-06-10 的数据
2025-06-10 09:05:59,923 - __main__ - ERROR - 更新股票 FDX 数据时出错: Too Many Requests. Rate limited. Try after a while.
2025-06-10 09:05:59,965 - __main__ - INFO - 处理股票 FE，最后更新时间: 2025-04-16 00:00:00
2025-06-10 09:05:59,965 - __main__ - INFO - 股票 FE 的数据已更新 55 天 9 小时前
2025-06-10 09:05:59,965 - __main__ - INFO - 股票 FE 的最后更新日期为: 2025-04-16 00:00:00
2025-06-10 09:05:59,966 - __main__ - INFO - 将获取股票 FE 从 2025-04-17 到 2025-06-10 的数据
2025-06-10 09:06:00,698 - __main__ - ERROR - 更新股票 FE 数据时出错: Too Many Requests. Rate limited. Try after a while.
2025-06-10 09:06:00,746 - __main__ - INFO - 处理股票 FFIV，最后更新时间: 2025-04-16 00:00:00
2025-06-10 09:06:00,747 - __main__ - INFO - 股票 FFIV 的数据已更新 55 天 9 小时前
2025-06-10 09:06:00,747 - __main__ - INFO - 股票 FFIV 的最后更新日期为: 2025-04-16 00:00:00
2025-06-10 09:06:00,747 - __main__ - INFO - 将获取股票 FFIV 从 2025-04-17 到 2025-06-10 的数据
2025-06-10 09:06:01,558 - __main__ - ERROR - 更新股票 FFIV 数据时出错: Too Many Requests. Rate limited. Try after a while.
2025-06-10 09:06:01,596 - __main__ - INFO - 处理股票 FI，最后更新时间: 2025-04-16 00:00:00
2025-06-10 09:06:01,596 - __main__ - INFO - 股票 FI 的数据已更新 55 天 9 小时前
2025-06-10 09:06:01,596 - __main__ - INFO - 股票 FI 的最后更新日期为: 2025-04-16 00:00:00
2025-06-10 09:06:01,596 - __main__ - INFO - 将获取股票 FI 从 2025-04-17 到 2025-06-10 的数据
2025-06-10 09:06:02,390 - __main__ - ERROR - 更新股票 FI 数据时出错: Too Many Requests. Rate limited. Try after a while.
2025-06-10 09:06:02,419 - __main__ - INFO - 处理股票 FICO，最后更新时间: 2025-04-16 00:00:00
2025-06-10 09:06:02,419 - __main__ - INFO - 股票 FICO 的数据已更新 55 天 9 小时前
2025-06-10 09:06:02,420 - __main__ - INFO - 股票 FICO 的最后更新日期为: 2025-04-16 00:00:00
2025-06-10 09:06:02,420 - __main__ - INFO - 将获取股票 FICO 从 2025-04-17 到 2025-06-10 的数据
2025-06-10 09:06:03,124 - __main__ - ERROR - 更新股票 FICO 数据时出错: Too Many Requests. Rate limited. Try after a while.
2025-06-10 09:06:03,156 - __main__ - INFO - 处理股票 FIS，最后更新时间: 2025-04-16 00:00:00
2025-06-10 09:06:03,156 - __main__ - INFO - 股票 FIS 的数据已更新 55 天 9 小时前
2025-06-10 09:06:03,156 - __main__ - INFO - 股票 FIS 的最后更新日期为: 2025-04-16 00:00:00
2025-06-10 09:06:03,156 - __main__ - INFO - 将获取股票 FIS 从 2025-04-17 到 2025-06-10 的数据
2025-06-10 09:06:03,863 - __main__ - ERROR - 更新股票 FIS 数据时出错: Too Many Requests. Rate limited. Try after a while.
2025-06-10 09:06:03,969 - __main__ - INFO - 处理股票 FITB，最后更新时间: 2025-04-16 00:00:00
2025-06-10 09:06:03,969 - __main__ - INFO - 股票 FITB 的数据已更新 55 天 9 小时前
2025-06-10 09:06:03,969 - __main__ - INFO - 股票 FITB 的最后更新日期为: 2025-04-16 00:00:00
2025-06-10 09:06:03,969 - __main__ - INFO - 将获取股票 FITB 从 2025-04-17 到 2025-06-10 的数据
2025-06-10 09:06:05,301 - __main__ - ERROR - 更新股票 FITB 数据时出错: Too Many Requests. Rate limited. Try after a while.
2025-06-10 09:06:05,320 - __main__ - INFO - 处理股票 FMC，最后更新时间: 2025-04-16 00:00:00
2025-06-10 09:06:05,320 - __main__ - INFO - 股票 FMC 的数据已更新 55 天 9 小时前
2025-06-10 09:06:05,320 - __main__ - INFO - 股票 FMC 的最后更新日期为: 2025-04-16 00:00:00
2025-06-10 09:06:05,320 - __main__ - INFO - 将获取股票 FMC 从 2025-04-17 到 2025-06-10 的数据
2025-06-10 09:06:06,090 - __main__ - ERROR - 更新股票 FMC 数据时出错: Too Many Requests. Rate limited. Try after a while.
2025-06-10 09:06:06,108 - __main__ - INFO - 处理股票 FRT，最后更新时间: 2025-04-16 00:00:00
2025-06-10 09:06:06,109 - __main__ - INFO - 股票 FRT 的数据已更新 55 天 9 小时前
2025-06-10 09:06:06,109 - __main__ - INFO - 股票 FRT 的最后更新日期为: 2025-04-16 00:00:00
2025-06-10 09:06:06,109 - __main__ - INFO - 将获取股票 FRT 从 2025-04-17 到 2025-06-10 的数据
2025-06-10 09:06:06,489 - __main__ - ERROR - 更新股票 FRT 数据时出错: Too Many Requests. Rate limited. Try after a while.
2025-06-10 09:06:06,517 - __main__ - INFO - 处理股票 FSLR，最后更新时间: 2025-04-16 00:00:00
2025-06-10 09:06:06,517 - __main__ - INFO - 股票 FSLR 的数据已更新 55 天 9 小时前
2025-06-10 09:06:06,518 - __main__ - INFO - 股票 FSLR 的最后更新日期为: 2025-04-16 00:00:00
2025-06-10 09:06:06,518 - __main__ - INFO - 将获取股票 FSLR 从 2025-04-17 到 2025-06-10 的数据
2025-06-10 09:06:06,868 - __main__ - ERROR - 更新股票 FSLR 数据时出错: Too Many Requests. Rate limited. Try after a while.
2025-06-10 09:06:06,907 - __main__ - INFO - 处理股票 FTNT，最后更新时间: 2025-04-16 00:00:00
2025-06-10 09:06:06,907 - __main__ - INFO - 股票 FTNT 的数据已更新 55 天 9 小时前
2025-06-10 09:06:06,907 - __main__ - INFO - 股票 FTNT 的最后更新日期为: 2025-04-16 00:00:00
2025-06-10 09:06:06,907 - __main__ - INFO - 将获取股票 FTNT 从 2025-04-17 到 2025-06-10 的数据
2025-06-10 09:06:07,281 - __main__ - ERROR - 更新股票 FTNT 数据时出错: Too Many Requests. Rate limited. Try after a while.
2025-06-10 09:06:07,316 - __main__ - INFO - 处理股票 FXI，最后更新时间: 2025-04-16 00:00:00
2025-06-10 09:06:07,316 - __main__ - INFO - 股票 FXI 的数据已更新 55 天 9 小时前
2025-06-10 09:06:07,317 - __main__ - INFO - 股票 FXI 的最后更新日期为: 2025-04-16 00:00:00
2025-06-10 09:06:07,317 - __main__ - INFO - 将获取股票 FXI 从 2025-04-17 到 2025-06-10 的数据
2025-06-10 09:06:07,763 - __main__ - ERROR - 更新股票 FXI 数据时出错: Too Many Requests. Rate limited. Try after a while.
2025-06-10 09:06:07,808 - __main__ - INFO - 处理股票 GD，最后更新时间: 2025-04-16 00:00:00
2025-06-10 09:06:07,808 - __main__ - INFO - 股票 GD 的数据已更新 55 天 9 小时前
2025-06-10 09:06:07,808 - __main__ - INFO - 股票 GD 的最后更新日期为: 2025-04-16 00:00:00
2025-06-10 09:06:07,809 - __main__ - INFO - 将获取股票 GD 从 2025-04-17 到 2025-06-10 的数据
2025-06-10 09:06:08,222 - __main__ - ERROR - 更新股票 GD 数据时出错: Too Many Requests. Rate limited. Try after a while.
2025-06-10 09:06:08,268 - __main__ - INFO - 处理股票 GE，最后更新时间: 2025-04-16 00:00:00
2025-06-10 09:06:08,268 - __main__ - INFO - 股票 GE 的数据已更新 55 天 9 小时前
2025-06-10 09:06:08,268 - __main__ - INFO - 股票 GE 的最后更新日期为: 2025-04-16 00:00:00
2025-06-10 09:06:08,268 - __main__ - INFO - 将获取股票 GE 从 2025-04-17 到 2025-06-10 的数据
2025-06-10 09:06:08,658 - __main__ - ERROR - 更新股票 GE 数据时出错: Too Many Requests. Rate limited. Try after a while.
2025-06-10 09:06:08,710 - __main__ - INFO - 处理股票 GEN，最后更新时间: 2025-04-16 00:00:00
2025-06-10 09:06:08,711 - __main__ - INFO - 股票 GEN 的数据已更新 55 天 9 小时前
2025-06-10 09:06:08,711 - __main__ - INFO - 股票 GEN 的最后更新日期为: 2025-04-16 00:00:00
2025-06-10 09:06:08,711 - __main__ - INFO - 将获取股票 GEN 从 2025-04-17 到 2025-06-10 的数据
2025-06-10 09:06:09,297 - __main__ - ERROR - 更新股票 GEN 数据时出错: Too Many Requests. Rate limited. Try after a while.
2025-06-10 09:06:09,343 - __main__ - INFO - 处理股票 GILD，最后更新时间: 2025-04-16 00:00:00
2025-06-10 09:06:09,343 - __main__ - INFO - 股票 GILD 的数据已更新 55 天 9 小时前
2025-06-10 09:06:09,344 - __main__ - INFO - 股票 GILD 的最后更新日期为: 2025-04-16 00:00:00
2025-06-10 09:06:09,344 - __main__ - INFO - 将获取股票 GILD 从 2025-04-17 到 2025-06-10 的数据
2025-06-10 09:06:10,480 - __main__ - ERROR - 更新股票 GILD 数据时出错: Too Many Requests. Rate limited. Try after a while.
2025-06-10 09:06:10,512 - __main__ - INFO - 处理股票 GIS，最后更新时间: 2025-04-16 00:00:00
2025-06-10 09:06:10,512 - __main__ - INFO - 股票 GIS 的数据已更新 55 天 9 小时前
2025-06-10 09:06:10,512 - __main__ - INFO - 股票 GIS 的最后更新日期为: 2025-04-16 00:00:00
2025-06-10 09:06:10,512 - __main__ - INFO - 将获取股票 GIS 从 2025-04-17 到 2025-06-10 的数据
2025-06-10 09:06:11,277 - __main__ - ERROR - 更新股票 GIS 数据时出错: Too Many Requests. Rate limited. Try after a while.
2025-06-10 09:06:11,314 - __main__ - INFO - 处理股票 GL，最后更新时间: 2025-04-16 00:00:00
2025-06-10 09:06:11,314 - __main__ - INFO - 股票 GL 的数据已更新 55 天 9 小时前
2025-06-10 09:06:11,314 - __main__ - INFO - 股票 GL 的最后更新日期为: 2025-04-16 00:00:00
2025-06-10 09:06:11,314 - __main__ - INFO - 将获取股票 GL 从 2025-04-17 到 2025-06-10 的数据
2025-06-10 09:06:11,709 - __main__ - ERROR - 更新股票 GL 数据时出错: Too Many Requests. Rate limited. Try after a while.
2025-06-10 09:06:11,770 - __main__ - INFO - 处理股票 GLD，最后更新时间: 2025-04-16 00:00:00
2025-06-10 09:06:11,770 - __main__ - INFO - 股票 GLD 的数据已更新 55 天 9 小时前
2025-06-10 09:06:11,770 - __main__ - INFO - 股票 GLD 的最后更新日期为: 2025-04-16 00:00:00
2025-06-10 09:06:11,770 - __main__ - INFO - 将获取股票 GLD 从 2025-04-17 到 2025-06-10 的数据
2025-06-10 09:06:12,160 - __main__ - ERROR - 更新股票 GLD 数据时出错: Too Many Requests. Rate limited. Try after a while.
2025-06-10 09:06:12,208 - __main__ - INFO - 处理股票 GLW，最后更新时间: 2025-04-16 00:00:00
2025-06-10 09:06:12,209 - __main__ - INFO - 股票 GLW 的数据已更新 55 天 9 小时前
2025-06-10 09:06:12,209 - __main__ - INFO - 股票 GLW 的最后更新日期为: 2025-04-16 00:00:00
2025-06-10 09:06:12,209 - __main__ - INFO - 将获取股票 GLW 从 2025-04-17 到 2025-06-10 的数据
2025-06-10 09:06:12,564 - __main__ - ERROR - 更新股票 GLW 数据时出错: Too Many Requests. Rate limited. Try after a while.
2025-06-10 09:06:12,606 - __main__ - INFO - 处理股票 GM，最后更新时间: 2025-04-16 00:00:00
2025-06-10 09:06:12,606 - __main__ - INFO - 股票 GM 的数据已更新 55 天 9 小时前
2025-06-10 09:06:12,606 - __main__ - INFO - 股票 GM 的最后更新日期为: 2025-04-16 00:00:00
2025-06-10 09:06:12,606 - __main__ - INFO - 将获取股票 GM 从 2025-04-17 到 2025-06-10 的数据
2025-06-10 09:06:12,976 - __main__ - ERROR - 更新股票 GM 数据时出错: Too Many Requests. Rate limited. Try after a while.
2025-06-10 09:06:13,045 - __main__ - INFO - 处理股票 GNRC，最后更新时间: 2025-04-16 00:00:00
2025-06-10 09:06:13,045 - __main__ - INFO - 股票 GNRC 的数据已更新 55 天 9 小时前
2025-06-10 09:06:13,045 - __main__ - INFO - 股票 GNRC 的最后更新日期为: 2025-04-16 00:00:00
2025-06-10 09:06:13,045 - __main__ - INFO - 将获取股票 GNRC 从 2025-04-17 到 2025-06-10 的数据
2025-06-10 09:06:13,419 - __main__ - ERROR - 更新股票 GNRC 数据时出错: Too Many Requests. Rate limited. Try after a while.
2025-06-10 09:06:13,490 - __main__ - INFO - 处理股票 GOOG，最后更新时间: 2025-04-16 00:00:00
2025-06-10 09:06:13,491 - __main__ - INFO - 股票 GOOG 的数据已更新 55 天 9 小时前
2025-06-10 09:06:13,491 - __main__ - INFO - 股票 GOOG 的最后更新日期为: 2025-04-16 00:00:00
2025-06-10 09:06:13,491 - __main__ - INFO - 将获取股票 GOOG 从 2025-04-17 到 2025-06-10 的数据
2025-06-10 09:06:13,925 - __main__ - ERROR - 更新股票 GOOG 数据时出错: Too Many Requests. Rate limited. Try after a while.
2025-06-10 09:06:13,958 - __main__ - INFO - 处理股票 GOOGL，最后更新时间: 2025-04-16 00:00:00
2025-06-10 09:06:13,958 - __main__ - INFO - 股票 GOOGL 的数据已更新 55 天 9 小时前
2025-06-10 09:06:13,958 - __main__ - INFO - 股票 GOOGL 的最后更新日期为: 2025-04-16 00:00:00
2025-06-10 09:06:13,958 - __main__ - INFO - 将获取股票 GOOGL 从 2025-04-17 到 2025-06-10 的数据
2025-06-10 09:06:14,373 - __main__ - ERROR - 更新股票 GOOGL 数据时出错: Too Many Requests. Rate limited. Try after a while.
2025-06-10 09:06:14,414 - __main__ - INFO - 处理股票 GPC，最后更新时间: 2025-04-16 00:00:00
2025-06-10 09:06:14,414 - __main__ - INFO - 股票 GPC 的数据已更新 55 天 9 小时前
2025-06-10 09:06:14,414 - __main__ - INFO - 股票 GPC 的最后更新日期为: 2025-04-16 00:00:00
2025-06-10 09:06:14,414 - __main__ - INFO - 将获取股票 GPC 从 2025-04-17 到 2025-06-10 的数据
2025-06-10 09:06:14,783 - __main__ - ERROR - 更新股票 GPC 数据时出错: Too Many Requests. Rate limited. Try after a while.
2025-06-10 09:06:14,810 - __main__ - INFO - 处理股票 GPN，最后更新时间: 2025-04-16 00:00:00
2025-06-10 09:06:14,810 - __main__ - INFO - 股票 GPN 的数据已更新 55 天 9 小时前
2025-06-10 09:06:14,810 - __main__ - INFO - 股票 GPN 的最后更新日期为: 2025-04-16 00:00:00
2025-06-10 09:06:14,810 - __main__ - INFO - 将获取股票 GPN 从 2025-04-17 到 2025-06-10 的数据
2025-06-10 09:06:15,225 - __main__ - ERROR - 更新股票 GPN 数据时出错: Too Many Requests. Rate limited. Try after a while.
2025-06-10 09:06:15,266 - __main__ - INFO - 处理股票 GRMN，最后更新时间: 2025-04-16 00:00:00
2025-06-10 09:06:15,266 - __main__ - INFO - 股票 GRMN 的数据已更新 55 天 9 小时前
2025-06-10 09:06:15,266 - __main__ - INFO - 股票 GRMN 的最后更新日期为: 2025-04-16 00:00:00
2025-06-10 09:06:15,267 - __main__ - INFO - 将获取股票 GRMN 从 2025-04-17 到 2025-06-10 的数据
2025-06-10 09:06:15,701 - __main__ - ERROR - 更新股票 GRMN 数据时出错: Too Many Requests. Rate limited. Try after a while.
2025-06-10 09:06:15,747 - __main__ - INFO - 处理股票 GS，最后更新时间: 2025-04-16 00:00:00
2025-06-10 09:06:15,747 - __main__ - INFO - 股票 GS 的数据已更新 55 天 9 小时前
2025-06-10 09:06:15,747 - __main__ - INFO - 股票 GS 的最后更新日期为: 2025-04-16 00:00:00
2025-06-10 09:06:15,747 - __main__ - INFO - 将获取股票 GS 从 2025-04-17 到 2025-06-10 的数据
2025-06-10 09:06:17,853 - __main__ - ERROR - 更新股票 GS 数据时出错: Too Many Requests. Rate limited. Try after a while.
2025-06-10 09:06:17,896 - __main__ - INFO - 处理股票 GWW，最后更新时间: 2025-04-16 00:00:00
2025-06-10 09:06:17,897 - __main__ - INFO - 股票 GWW 的数据已更新 55 天 9 小时前
2025-06-10 09:06:17,897 - __main__ - INFO - 股票 GWW 的最后更新日期为: 2025-04-16 00:00:00
2025-06-10 09:06:17,897 - __main__ - INFO - 将获取股票 GWW 从 2025-04-17 到 2025-06-10 的数据
2025-06-10 09:06:18,283 - __main__ - ERROR - 更新股票 GWW 数据时出错: Too Many Requests. Rate limited. Try after a while.
2025-06-10 09:06:18,316 - __main__ - INFO - 处理股票 HAL，最后更新时间: 2025-04-16 00:00:00
2025-06-10 09:06:18,316 - __main__ - INFO - 股票 HAL 的数据已更新 55 天 9 小时前
2025-06-10 09:06:18,316 - __main__ - INFO - 股票 HAL 的最后更新日期为: 2025-04-16 00:00:00
2025-06-10 09:06:18,316 - __main__ - INFO - 将获取股票 HAL 从 2025-04-17 到 2025-06-10 的数据
2025-06-10 09:06:18,774 - __main__ - ERROR - 更新股票 HAL 数据时出错: Too Many Requests. Rate limited. Try after a while.
2025-06-10 09:06:18,816 - __main__ - INFO - 处理股票 HAS，最后更新时间: 2025-04-16 00:00:00
2025-06-10 09:06:18,816 - __main__ - INFO - 股票 HAS 的数据已更新 55 天 9 小时前
2025-06-10 09:06:18,816 - __main__ - INFO - 股票 HAS 的最后更新日期为: 2025-04-16 00:00:00
2025-06-10 09:06:18,817 - __main__ - INFO - 将获取股票 HAS 从 2025-04-17 到 2025-06-10 的数据
2025-06-10 09:06:19,174 - __main__ - ERROR - 更新股票 HAS 数据时出错: Too Many Requests. Rate limited. Try after a while.
2025-06-10 09:06:19,217 - __main__ - INFO - 处理股票 HBAN，最后更新时间: 2025-04-16 00:00:00
2025-06-10 09:06:19,217 - __main__ - INFO - 股票 HBAN 的数据已更新 55 天 9 小时前
2025-06-10 09:06:19,218 - __main__ - INFO - 股票 HBAN 的最后更新日期为: 2025-04-16 00:00:00
2025-06-10 09:06:19,218 - __main__ - INFO - 将获取股票 HBAN 从 2025-04-17 到 2025-06-10 的数据
2025-06-10 09:06:19,617 - __main__ - ERROR - 更新股票 HBAN 数据时出错: Too Many Requests. Rate limited. Try after a while.
2025-06-10 09:06:19,665 - __main__ - INFO - 处理股票 HCA，最后更新时间: 2025-04-16 00:00:00
2025-06-10 09:06:19,665 - __main__ - INFO - 股票 HCA 的数据已更新 55 天 9 小时前
2025-06-10 09:06:19,665 - __main__ - INFO - 股票 HCA 的最后更新日期为: 2025-04-16 00:00:00
2025-06-10 09:06:19,665 - __main__ - INFO - 将获取股票 HCA 从 2025-04-17 到 2025-06-10 的数据
2025-06-10 09:06:20,030 - __main__ - ERROR - 更新股票 HCA 数据时出错: Too Many Requests. Rate limited. Try after a while.
2025-06-10 09:06:20,067 - __main__ - INFO - 处理股票 HD，最后更新时间: 2025-04-16 00:00:00
2025-06-10 09:06:20,067 - __main__ - INFO - 股票 HD 的数据已更新 55 天 9 小时前
2025-06-10 09:06:20,067 - __main__ - INFO - 股票 HD 的最后更新日期为: 2025-04-16 00:00:00
2025-06-10 09:06:20,068 - __main__ - INFO - 将获取股票 HD 从 2025-04-17 到 2025-06-10 的数据
2025-06-10 09:06:20,471 - __main__ - ERROR - 更新股票 HD 数据时出错: Too Many Requests. Rate limited. Try after a while.
2025-06-10 09:06:20,512 - __main__ - INFO - 处理股票 HES，最后更新时间: 2025-04-16 00:00:00
2025-06-10 09:06:20,512 - __main__ - INFO - 股票 HES 的数据已更新 55 天 9 小时前
2025-06-10 09:06:20,513 - __main__ - INFO - 股票 HES 的最后更新日期为: 2025-04-16 00:00:00
2025-06-10 09:06:20,513 - __main__ - INFO - 将获取股票 HES 从 2025-04-17 到 2025-06-10 的数据
2025-06-10 09:06:20,883 - __main__ - ERROR - 更新股票 HES 数据时出错: Too Many Requests. Rate limited. Try after a while.
2025-06-10 09:06:20,912 - __main__ - INFO - 处理股票 HIG，最后更新时间: 2025-04-16 00:00:00
2025-06-10 09:06:20,912 - __main__ - INFO - 股票 HIG 的数据已更新 55 天 9 小时前
2025-06-10 09:06:20,912 - __main__ - INFO - 股票 HIG 的最后更新日期为: 2025-04-16 00:00:00
2025-06-10 09:06:20,912 - __main__ - INFO - 将获取股票 HIG 从 2025-04-17 到 2025-06-10 的数据
2025-06-10 09:06:21,315 - __main__ - ERROR - 更新股票 HIG 数据时出错: Too Many Requests. Rate limited. Try after a while.
2025-06-10 09:06:21,353 - __main__ - INFO - 处理股票 HII，最后更新时间: 2025-04-16 00:00:00
2025-06-10 09:06:21,354 - __main__ - INFO - 股票 HII 的数据已更新 55 天 9 小时前
2025-06-10 09:06:21,354 - __main__ - INFO - 股票 HII 的最后更新日期为: 2025-04-16 00:00:00
2025-06-10 09:06:21,354 - __main__ - INFO - 将获取股票 HII 从 2025-04-17 到 2025-06-10 的数据
2025-06-10 09:06:21,735 - __main__ - ERROR - 更新股票 HII 数据时出错: Too Many Requests. Rate limited. Try after a while.
2025-06-10 09:06:21,757 - __main__ - INFO - 处理股票 HLT，最后更新时间: 2025-04-16 00:00:00
2025-06-10 09:06:21,757 - __main__ - INFO - 股票 HLT 的数据已更新 55 天 9 小时前
2025-06-10 09:06:21,757 - __main__ - INFO - 股票 HLT 的最后更新日期为: 2025-04-16 00:00:00
2025-06-10 09:06:21,757 - __main__ - INFO - 将获取股票 HLT 从 2025-04-17 到 2025-06-10 的数据
2025-06-10 09:06:22,173 - __main__ - ERROR - 更新股票 HLT 数据时出错: Too Many Requests. Rate limited. Try after a while.
2025-06-10 09:06:22,219 - __main__ - INFO - 处理股票 HOLX，最后更新时间: 2025-04-16 00:00:00
2025-06-10 09:06:22,219 - __main__ - INFO - 股票 HOLX 的数据已更新 55 天 9 小时前
2025-06-10 09:06:22,220 - __main__ - INFO - 股票 HOLX 的最后更新日期为: 2025-04-16 00:00:00
2025-06-10 09:06:22,220 - __main__ - INFO - 将获取股票 HOLX 从 2025-04-17 到 2025-06-10 的数据
2025-06-10 09:06:22,630 - __main__ - ERROR - 更新股票 HOLX 数据时出错: Too Many Requests. Rate limited. Try after a while.
2025-06-10 09:06:22,690 - __main__ - INFO - 处理股票 HON，最后更新时间: 2025-04-16 00:00:00
2025-06-10 09:06:22,691 - __main__ - INFO - 股票 HON 的数据已更新 55 天 9 小时前
2025-06-10 09:06:22,691 - __main__ - INFO - 股票 HON 的最后更新日期为: 2025-04-16 00:00:00
2025-06-10 09:06:22,691 - __main__ - INFO - 将获取股票 HON 从 2025-04-17 到 2025-06-10 的数据
2025-06-10 09:06:23,090 - __main__ - ERROR - 更新股票 HON 数据时出错: Too Many Requests. Rate limited. Try after a while.
2025-06-10 09:06:23,137 - __main__ - INFO - 处理股票 HPQ，最后更新时间: 2025-04-16 00:00:00
2025-06-10 09:06:23,137 - __main__ - INFO - 股票 HPQ 的数据已更新 55 天 9 小时前
2025-06-10 09:06:23,138 - __main__ - INFO - 股票 HPQ 的最后更新日期为: 2025-04-16 00:00:00
2025-06-10 09:06:23,138 - __main__ - INFO - 将获取股票 HPQ 从 2025-04-17 到 2025-06-10 的数据
2025-06-10 09:06:23,497 - __main__ - ERROR - 更新股票 HPQ 数据时出错: Too Many Requests. Rate limited. Try after a while.
2025-06-10 09:06:23,544 - __main__ - INFO - 处理股票 HRL，最后更新时间: 2025-04-16 00:00:00
2025-06-10 09:06:23,544 - __main__ - INFO - 股票 HRL 的数据已更新 55 天 9 小时前
2025-06-10 09:06:23,544 - __main__ - INFO - 股票 HRL 的最后更新日期为: 2025-04-16 00:00:00
2025-06-10 09:06:23,544 - __main__ - INFO - 将获取股票 HRL 从 2025-04-17 到 2025-06-10 的数据
2025-06-10 09:06:23,905 - __main__ - ERROR - 更新股票 HRL 数据时出错: Too Many Requests. Rate limited. Try after a while.
2025-06-10 09:06:23,951 - __main__ - INFO - 处理股票 HSIC，最后更新时间: 2025-04-16 00:00:00
2025-06-10 09:06:23,951 - __main__ - INFO - 股票 HSIC 的数据已更新 55 天 9 小时前
2025-06-10 09:06:23,951 - __main__ - INFO - 股票 HSIC 的最后更新日期为: 2025-04-16 00:00:00
2025-06-10 09:06:23,951 - __main__ - INFO - 将获取股票 HSIC 从 2025-04-17 到 2025-06-10 的数据
2025-06-10 09:06:24,395 - __main__ - ERROR - 更新股票 HSIC 数据时出错: Too Many Requests. Rate limited. Try after a while.
2025-06-10 09:06:24,443 - __main__ - INFO - 处理股票 HST，最后更新时间: 2025-04-16 00:00:00
2025-06-10 09:06:24,443 - __main__ - INFO - 股票 HST 的数据已更新 55 天 9 小时前
2025-06-10 09:06:24,443 - __main__ - INFO - 股票 HST 的最后更新日期为: 2025-04-16 00:00:00
2025-06-10 09:06:24,443 - __main__ - INFO - 将获取股票 HST 从 2025-04-17 到 2025-06-10 的数据
2025-06-10 09:06:24,858 - __main__ - ERROR - 更新股票 HST 数据时出错: Too Many Requests. Rate limited. Try after a while.
2025-06-10 09:06:24,901 - __main__ - INFO - 处理股票 HSY，最后更新时间: 2025-04-16 00:00:00
2025-06-10 09:06:24,901 - __main__ - INFO - 股票 HSY 的数据已更新 55 天 9 小时前
2025-06-10 09:06:24,901 - __main__ - INFO - 股票 HSY 的最后更新日期为: 2025-04-16 00:00:00
2025-06-10 09:06:24,901 - __main__ - INFO - 将获取股票 HSY 从 2025-04-17 到 2025-06-10 的数据
2025-06-10 09:06:25,282 - __main__ - ERROR - 更新股票 HSY 数据时出错: Too Many Requests. Rate limited. Try after a while.
2025-06-10 09:06:25,317 - __main__ - INFO - 处理股票 HUBB，最后更新时间: 2025-04-16 00:00:00
2025-06-10 09:06:25,317 - __main__ - INFO - 股票 HUBB 的数据已更新 55 天 9 小时前
2025-06-10 09:06:25,317 - __main__ - INFO - 股票 HUBB 的最后更新日期为: 2025-04-16 00:00:00
2025-06-10 09:06:25,317 - __main__ - INFO - 将获取股票 HUBB 从 2025-04-17 到 2025-06-10 的数据
2025-06-10 09:06:25,708 - __main__ - ERROR - 更新股票 HUBB 数据时出错: Too Many Requests. Rate limited. Try after a while.
2025-06-10 09:06:25,754 - __main__ - INFO - 处理股票 HUM，最后更新时间: 2025-04-16 00:00:00
2025-06-10 09:06:25,754 - __main__ - INFO - 股票 HUM 的数据已更新 55 天 9 小时前
2025-06-10 09:06:25,754 - __main__ - INFO - 股票 HUM 的最后更新日期为: 2025-04-16 00:00:00
2025-06-10 09:06:25,754 - __main__ - INFO - 将获取股票 HUM 从 2025-04-17 到 2025-06-10 的数据
2025-06-10 09:06:26,129 - __main__ - ERROR - 更新股票 HUM 数据时出错: Too Many Requests. Rate limited. Try after a while.
2025-06-10 09:06:26,208 - __main__ - INFO - 处理股票 IBM，最后更新时间: 2025-04-16 00:00:00
2025-06-10 09:06:26,208 - __main__ - INFO - 股票 IBM 的数据已更新 55 天 9 小时前
2025-06-10 09:06:26,208 - __main__ - INFO - 股票 IBM 的最后更新日期为: 2025-04-16 00:00:00
2025-06-10 09:06:26,209 - __main__ - INFO - 将获取股票 IBM 从 2025-04-17 到 2025-06-10 的数据
2025-06-10 09:06:26,592 - __main__ - ERROR - 更新股票 IBM 数据时出错: Too Many Requests. Rate limited. Try after a while.
2025-06-10 09:06:26,653 - __main__ - INFO - 处理股票 ICE，最后更新时间: 2025-04-16 00:00:00
2025-06-10 09:06:26,653 - __main__ - INFO - 股票 ICE 的数据已更新 55 天 9 小时前
2025-06-10 09:06:26,654 - __main__ - INFO - 股票 ICE 的最后更新日期为: 2025-04-16 00:00:00
2025-06-10 09:06:26,654 - __main__ - INFO - 将获取股票 ICE 从 2025-04-17 到 2025-06-10 的数据
2025-06-10 09:06:27,029 - __main__ - ERROR - 更新股票 ICE 数据时出错: Too Many Requests. Rate limited. Try after a while.
2025-06-10 09:06:27,067 - __main__ - INFO - 处理股票 IDXX，最后更新时间: 2025-04-16 00:00:00
2025-06-10 09:06:27,067 - __main__ - INFO - 股票 IDXX 的数据已更新 55 天 9 小时前
2025-06-10 09:06:27,067 - __main__ - INFO - 股票 IDXX 的最后更新日期为: 2025-04-16 00:00:00
2025-06-10 09:06:27,067 - __main__ - INFO - 将获取股票 IDXX 从 2025-04-17 到 2025-06-10 的数据
2025-06-10 09:06:27,432 - __main__ - ERROR - 更新股票 IDXX 数据时出错: Too Many Requests. Rate limited. Try after a while.
2025-06-10 09:06:27,465 - __main__ - INFO - 处理股票 IEI，最后更新时间: 2025-04-16 00:00:00
2025-06-10 09:06:27,466 - __main__ - INFO - 股票 IEI 的数据已更新 55 天 9 小时前
2025-06-10 09:06:27,466 - __main__ - INFO - 股票 IEI 的最后更新日期为: 2025-04-16 00:00:00
2025-06-10 09:06:27,466 - __main__ - INFO - 将获取股票 IEI 从 2025-04-17 到 2025-06-10 的数据
2025-06-10 09:06:27,894 - __main__ - ERROR - 更新股票 IEI 数据时出错: Too Many Requests. Rate limited. Try after a while.
2025-06-10 09:06:28,207 - __main__ - INFO - 处理股票 IEX，最后更新时间: 2025-04-16 00:00:00
2025-06-10 09:06:28,207 - __main__ - INFO - 股票 IEX 的数据已更新 55 天 9 小时前
2025-06-10 09:06:28,207 - __main__ - INFO - 股票 IEX 的最后更新日期为: 2025-04-16 00:00:00
2025-06-10 09:06:28,207 - __main__ - INFO - 将获取股票 IEX 从 2025-04-17 到 2025-06-10 的数据
2025-06-10 09:06:28,567 - __main__ - ERROR - 更新股票 IEX 数据时出错: Too Many Requests. Rate limited. Try after a while.
2025-06-10 09:06:28,615 - __main__ - INFO - 处理股票 IFF，最后更新时间: 2025-04-16 00:00:00
2025-06-10 09:06:28,615 - __main__ - INFO - 股票 IFF 的数据已更新 55 天 9 小时前
2025-06-10 09:06:28,615 - __main__ - INFO - 股票 IFF 的最后更新日期为: 2025-04-16 00:00:00
2025-06-10 09:06:28,615 - __main__ - INFO - 将获取股票 IFF 从 2025-04-17 到 2025-06-10 的数据
2025-06-10 09:06:29,002 - __main__ - ERROR - 更新股票 IFF 数据时出错: Too Many Requests. Rate limited. Try after a while.
2025-06-10 09:06:29,047 - __main__ - INFO - 处理股票 IJH，最后更新时间: 2025-04-16 00:00:00
2025-06-10 09:06:29,047 - __main__ - INFO - 股票 IJH 的数据已更新 55 天 9 小时前
2025-06-10 09:06:29,048 - __main__ - INFO - 股票 IJH 的最后更新日期为: 2025-04-16 00:00:00
2025-06-10 09:06:29,048 - __main__ - INFO - 将获取股票 IJH 从 2025-04-17 到 2025-06-10 的数据
2025-06-10 09:06:29,458 - __main__ - ERROR - 更新股票 IJH 数据时出错: Too Many Requests. Rate limited. Try after a while.
2025-06-10 09:06:29,509 - __main__ - INFO - 处理股票 IJR，最后更新时间: 2025-04-16 00:00:00
2025-06-10 09:06:29,509 - __main__ - INFO - 股票 IJR 的数据已更新 55 天 9 小时前
2025-06-10 09:06:29,509 - __main__ - INFO - 股票 IJR 的最后更新日期为: 2025-04-16 00:00:00
2025-06-10 09:06:29,509 - __main__ - INFO - 将获取股票 IJR 从 2025-04-17 到 2025-06-10 的数据
2025-06-10 09:06:29,860 - __main__ - ERROR - 更新股票 IJR 数据时出错: Too Many Requests. Rate limited. Try after a while.
2025-06-10 09:06:29,946 - __main__ - INFO - 处理股票 ILMN，最后更新时间: 2025-04-16 00:00:00
2025-06-10 09:06:29,946 - __main__ - INFO - 股票 ILMN 的数据已更新 55 天 9 小时前
2025-06-10 09:06:29,946 - __main__ - INFO - 股票 ILMN 的最后更新日期为: 2025-04-16 00:00:00
2025-06-10 09:06:29,946 - __main__ - INFO - 将获取股票 ILMN 从 2025-04-17 到 2025-06-10 的数据
2025-06-10 09:06:30,331 - __main__ - ERROR - 更新股票 ILMN 数据时出错: Too Many Requests. Rate limited. Try after a while.
2025-06-10 09:06:30,387 - __main__ - INFO - 处理股票 INCY，最后更新时间: 2025-04-16 00:00:00
2025-06-10 09:06:30,387 - __main__ - INFO - 股票 INCY 的数据已更新 55 天 9 小时前
2025-06-10 09:06:30,388 - __main__ - INFO - 股票 INCY 的最后更新日期为: 2025-04-16 00:00:00
2025-06-10 09:06:30,388 - __main__ - INFO - 将获取股票 INCY 从 2025-04-17 到 2025-06-10 的数据
2025-06-10 09:06:30,748 - __main__ - ERROR - 更新股票 INCY 数据时出错: Too Many Requests. Rate limited. Try after a while.
2025-06-10 09:06:30,795 - __main__ - INFO - 处理股票 INTC，最后更新时间: 2025-04-16 00:00:00
2025-06-10 09:06:30,795 - __main__ - INFO - 股票 INTC 的数据已更新 55 天 9 小时前
2025-06-10 09:06:30,796 - __main__ - INFO - 股票 INTC 的最后更新日期为: 2025-04-16 00:00:00
2025-06-10 09:06:30,796 - __main__ - INFO - 将获取股票 INTC 从 2025-04-17 到 2025-06-10 的数据
2025-06-10 09:06:31,236 - __main__ - ERROR - 更新股票 INTC 数据时出错: Too Many Requests. Rate limited. Try after a while.
2025-06-10 09:06:31,266 - __main__ - INFO - 处理股票 INTU，最后更新时间: 2025-04-16 00:00:00
2025-06-10 09:06:31,266 - __main__ - INFO - 股票 INTU 的数据已更新 55 天 9 小时前
2025-06-10 09:06:31,267 - __main__ - INFO - 股票 INTU 的最后更新日期为: 2025-04-16 00:00:00
2025-06-10 09:06:31,267 - __main__ - INFO - 将获取股票 INTU 从 2025-04-17 到 2025-06-10 的数据
2025-06-10 09:06:31,842 - __main__ - ERROR - 更新股票 INTU 数据时出错: Too Many Requests. Rate limited. Try after a while.
2025-06-10 09:06:31,892 - __main__ - INFO - 处理股票 IP，最后更新时间: 2025-04-16 00:00:00
2025-06-10 09:06:31,892 - __main__ - INFO - 股票 IP 的数据已更新 55 天 9 小时前
2025-06-10 09:06:31,892 - __main__ - INFO - 股票 IP 的最后更新日期为: 2025-04-16 00:00:00
2025-06-10 09:06:31,892 - __main__ - INFO - 将获取股票 IP 从 2025-04-17 到 2025-06-10 的数据
2025-06-10 09:06:32,374 - __main__ - ERROR - 更新股票 IP 数据时出错: Too Many Requests. Rate limited. Try after a while.
2025-06-10 09:06:32,415 - __main__ - INFO - 处理股票 IPG，最后更新时间: 2025-04-16 00:00:00
2025-06-10 09:06:32,415 - __main__ - INFO - 股票 IPG 的数据已更新 55 天 9 小时前
2025-06-10 09:06:32,415 - __main__ - INFO - 股票 IPG 的最后更新日期为: 2025-04-16 00:00:00
2025-06-10 09:06:32,415 - __main__ - INFO - 将获取股票 IPG 从 2025-04-17 到 2025-06-10 的数据
2025-06-10 09:06:32,949 - __main__ - ERROR - 更新股票 IPG 数据时出错: Too Many Requests. Rate limited. Try after a while.
2025-06-10 09:06:32,986 - __main__ - INFO - 处理股票 IQV，最后更新时间: 2025-04-16 00:00:00
2025-06-10 09:06:32,986 - __main__ - INFO - 股票 IQV 的数据已更新 55 天 9 小时前
2025-06-10 09:06:32,987 - __main__ - INFO - 股票 IQV 的最后更新日期为: 2025-04-16 00:00:00
2025-06-10 09:06:32,987 - __main__ - INFO - 将获取股票 IQV 从 2025-04-17 到 2025-06-10 的数据
2025-06-10 09:06:33,553 - __main__ - ERROR - 更新股票 IQV 数据时出错: Too Many Requests. Rate limited. Try after a while.
2025-06-10 09:06:33,604 - __main__ - INFO - 处理股票 IRM，最后更新时间: 2025-04-16 00:00:00
2025-06-10 09:06:33,604 - __main__ - INFO - 股票 IRM 的数据已更新 55 天 9 小时前
2025-06-10 09:06:33,604 - __main__ - INFO - 股票 IRM 的最后更新日期为: 2025-04-16 00:00:00
2025-06-10 09:06:33,604 - __main__ - INFO - 将获取股票 IRM 从 2025-04-17 到 2025-06-10 的数据
2025-06-10 09:06:34,079 - __main__ - ERROR - 更新股票 IRM 数据时出错: Too Many Requests. Rate limited. Try after a while.
2025-06-10 09:06:34,300 - __main__ - INFO - 处理股票 ISRG，最后更新时间: 2025-04-16 00:00:00
2025-06-10 09:06:34,301 - __main__ - INFO - 股票 ISRG 的数据已更新 55 天 9 小时前
2025-06-10 09:06:34,301 - __main__ - INFO - 股票 ISRG 的最后更新日期为: 2025-04-16 00:00:00
2025-06-10 09:06:34,301 - __main__ - INFO - 将获取股票 ISRG 从 2025-04-17 到 2025-06-10 的数据
2025-06-10 09:06:34,895 - __main__ - ERROR - 更新股票 ISRG 数据时出错: Too Many Requests. Rate limited. Try after a while.
2025-06-10 09:06:35,017 - __main__ - INFO - 处理股票 IT，最后更新时间: 2025-04-16 00:00:00
2025-06-10 09:06:35,017 - __main__ - INFO - 股票 IT 的数据已更新 55 天 9 小时前
2025-06-10 09:06:35,017 - __main__ - INFO - 股票 IT 的最后更新日期为: 2025-04-16 00:00:00
2025-06-10 09:06:35,017 - __main__ - INFO - 将获取股票 IT 从 2025-04-17 到 2025-06-10 的数据
2025-06-10 09:06:35,589 - __main__ - ERROR - 更新股票 IT 数据时出错: Too Many Requests. Rate limited. Try after a while.
2025-06-10 09:06:35,657 - __main__ - INFO - 处理股票 ITW，最后更新时间: 2025-04-16 00:00:00
2025-06-10 09:06:35,658 - __main__ - INFO - 股票 ITW 的数据已更新 55 天 9 小时前
2025-06-10 09:06:35,658 - __main__ - INFO - 股票 ITW 的最后更新日期为: 2025-04-16 00:00:00
2025-06-10 09:06:35,658 - __main__ - INFO - 将获取股票 ITW 从 2025-04-17 到 2025-06-10 的数据
2025-06-10 09:06:36,154 - __main__ - ERROR - 更新股票 ITW 数据时出错: Too Many Requests. Rate limited. Try after a while.
2025-06-10 09:06:36,189 - __main__ - INFO - 处理股票 IVZ，最后更新时间: 2025-04-16 00:00:00
2025-06-10 09:06:36,189 - __main__ - INFO - 股票 IVZ 的数据已更新 55 天 9 小时前
2025-06-10 09:06:36,189 - __main__ - INFO - 股票 IVZ 的最后更新日期为: 2025-04-16 00:00:00
2025-06-10 09:06:36,189 - __main__ - INFO - 将获取股票 IVZ 从 2025-04-17 到 2025-06-10 的数据
2025-06-10 09:06:36,662 - __main__ - ERROR - 更新股票 IVZ 数据时出错: Too Many Requests. Rate limited. Try after a while.
2025-06-10 09:06:36,698 - __main__ - INFO - 处理股票 IWB，最后更新时间: 2025-04-16 00:00:00
2025-06-10 09:06:36,699 - __main__ - INFO - 股票 IWB 的数据已更新 55 天 9 小时前
2025-06-10 09:06:36,699 - __main__ - INFO - 股票 IWB 的最后更新日期为: 2025-04-16 00:00:00
2025-06-10 09:06:36,699 - __main__ - INFO - 将获取股票 IWB 从 2025-04-17 到 2025-06-10 的数据
2025-06-10 09:06:37,155 - __main__ - ERROR - 更新股票 IWB 数据时出错: Too Many Requests. Rate limited. Try after a while.
2025-06-10 09:06:37,204 - __main__ - INFO - 处理股票 IWM，最后更新时间: 2025-04-16 00:00:00
2025-06-10 09:06:37,205 - __main__ - INFO - 股票 IWM 的数据已更新 55 天 9 小时前
2025-06-10 09:06:37,205 - __main__ - INFO - 股票 IWM 的最后更新日期为: 2025-04-16 00:00:00
2025-06-10 09:06:37,205 - __main__ - INFO - 将获取股票 IWM 从 2025-04-17 到 2025-06-10 的数据
2025-06-10 09:06:38,062 - __main__ - ERROR - 更新股票 IWM 数据时出错: Too Many Requests. Rate limited. Try after a while.
2025-06-10 09:06:38,110 - __main__ - INFO - 处理股票 IWV，最后更新时间: 2025-04-16 00:00:00
2025-06-10 09:06:38,110 - __main__ - INFO - 股票 IWV 的数据已更新 55 天 9 小时前
2025-06-10 09:06:38,110 - __main__ - INFO - 股票 IWV 的最后更新日期为: 2025-04-16 00:00:00
2025-06-10 09:06:38,110 - __main__ - INFO - 将获取股票 IWV 从 2025-04-17 到 2025-06-10 的数据
2025-06-10 09:06:38,873 - __main__ - ERROR - 更新股票 IWV 数据时出错: Too Many Requests. Rate limited. Try after a while.
2025-06-10 09:06:38,951 - __main__ - INFO - 处理股票 J，最后更新时间: 2025-04-16 00:00:00
2025-06-10 09:06:38,951 - __main__ - INFO - 股票 J 的数据已更新 55 天 9 小时前
2025-06-10 09:06:38,951 - __main__ - INFO - 股票 J 的最后更新日期为: 2025-04-16 00:00:00
2025-06-10 09:06:38,951 - __main__ - INFO - 将获取股票 J 从 2025-04-17 到 2025-06-10 的数据
2025-06-10 09:06:39,701 - __main__ - ERROR - 更新股票 J 数据时出错: Too Many Requests. Rate limited. Try after a while.
2025-06-10 09:06:39,791 - __main__ - INFO - 处理股票 JBHT，最后更新时间: 2025-04-16 00:00:00
2025-06-10 09:06:39,791 - __main__ - INFO - 股票 JBHT 的数据已更新 55 天 9 小时前
2025-06-10 09:06:39,791 - __main__ - INFO - 股票 JBHT 的最后更新日期为: 2025-04-16 00:00:00
2025-06-10 09:06:39,791 - __main__ - INFO - 将获取股票 JBHT 从 2025-04-17 到 2025-06-10 的数据
2025-06-10 09:06:40,463 - __main__ - ERROR - 更新股票 JBHT 数据时出错: Too Many Requests. Rate limited. Try after a while.
2025-06-10 09:06:40,509 - __main__ - INFO - 处理股票 JBL，最后更新时间: 2025-04-16 00:00:00
2025-06-10 09:06:40,509 - __main__ - INFO - 股票 JBL 的数据已更新 55 天 9 小时前
2025-06-10 09:06:40,509 - __main__ - INFO - 股票 JBL 的最后更新日期为: 2025-04-16 00:00:00
2025-06-10 09:06:40,509 - __main__ - INFO - 将获取股票 JBL 从 2025-04-17 到 2025-06-10 的数据
2025-06-10 09:06:41,266 - __main__ - ERROR - 更新股票 JBL 数据时出错: Too Many Requests. Rate limited. Try after a while.
2025-06-10 09:06:41,318 - __main__ - INFO - 处理股票 JCI，最后更新时间: 2025-04-16 00:00:00
2025-06-10 09:06:41,318 - __main__ - INFO - 股票 JCI 的数据已更新 55 天 9 小时前
2025-06-10 09:06:41,318 - __main__ - INFO - 股票 JCI 的最后更新日期为: 2025-04-16 00:00:00
2025-06-10 09:06:41,318 - __main__ - INFO - 将获取股票 JCI 从 2025-04-17 到 2025-06-10 的数据
2025-06-10 09:06:42,016 - __main__ - ERROR - 更新股票 JCI 数据时出错: Too Many Requests. Rate limited. Try after a while.
2025-06-10 09:06:42,105 - __main__ - INFO - 处理股票 JKHY，最后更新时间: 2025-04-16 00:00:00
2025-06-10 09:06:42,106 - __main__ - INFO - 股票 JKHY 的数据已更新 55 天 9 小时前
2025-06-10 09:06:42,106 - __main__ - INFO - 股票 JKHY 的最后更新日期为: 2025-04-16 00:00:00
2025-06-10 09:06:42,106 - __main__ - INFO - 将获取股票 JKHY 从 2025-04-17 到 2025-06-10 的数据
2025-06-10 09:06:42,865 - __main__ - ERROR - 更新股票 JKHY 数据时出错: Too Many Requests. Rate limited. Try after a while.
2025-06-10 09:06:42,911 - __main__ - INFO - 处理股票 JNJ，最后更新时间: 2025-04-16 00:00:00
2025-06-10 09:06:42,911 - __main__ - INFO - 股票 JNJ 的数据已更新 55 天 9 小时前
2025-06-10 09:06:42,911 - __main__ - INFO - 股票 JNJ 的最后更新日期为: 2025-04-16 00:00:00
2025-06-10 09:06:42,911 - __main__ - INFO - 将获取股票 JNJ 从 2025-04-17 到 2025-06-10 的数据
2025-06-10 09:06:43,637 - __main__ - ERROR - 更新股票 JNJ 数据时出错: Too Many Requests. Rate limited. Try after a while.
2025-06-10 09:06:43,666 - __main__ - INFO - 处理股票 JNPR，最后更新时间: 2025-04-16 00:00:00
2025-06-10 09:06:43,667 - __main__ - INFO - 股票 JNPR 的数据已更新 55 天 9 小时前
2025-06-10 09:06:43,667 - __main__ - INFO - 股票 JNPR 的最后更新日期为: 2025-04-16 00:00:00
2025-06-10 09:06:43,667 - __main__ - INFO - 将获取股票 JNPR 从 2025-04-17 到 2025-06-10 的数据
2025-06-10 09:06:44,473 - __main__ - ERROR - 更新股票 JNPR 数据时出错: Too Many Requests. Rate limited. Try after a while.
2025-06-10 09:06:44,515 - __main__ - INFO - 处理股票 JPM，最后更新时间: 2025-04-16 00:00:00
2025-06-10 09:06:44,515 - __main__ - INFO - 股票 JPM 的数据已更新 55 天 9 小时前
2025-06-10 09:06:44,515 - __main__ - INFO - 股票 JPM 的最后更新日期为: 2025-04-16 00:00:00
2025-06-10 09:06:44,515 - __main__ - INFO - 将获取股票 JPM 从 2025-04-17 到 2025-06-10 的数据
2025-06-10 09:06:45,464 - __main__ - ERROR - 更新股票 JPM 数据时出错: Too Many Requests. Rate limited. Try after a while.
2025-06-10 09:06:45,514 - __main__ - INFO - 处理股票 K，最后更新时间: 2025-04-16 00:00:00
2025-06-10 09:06:45,515 - __main__ - INFO - 股票 K 的数据已更新 55 天 9 小时前
2025-06-10 09:06:45,515 - __main__ - INFO - 股票 K 的最后更新日期为: 2025-04-16 00:00:00
2025-06-10 09:06:45,515 - __main__ - INFO - 将获取股票 K 从 2025-04-17 到 2025-06-10 的数据
2025-06-10 09:06:46,213 - __main__ - ERROR - 更新股票 K 数据时出错: Too Many Requests. Rate limited. Try after a while.
2025-06-10 09:06:46,264 - __main__ - INFO - 处理股票 KDP，最后更新时间: 2025-04-16 00:00:00
2025-06-10 09:06:46,264 - __main__ - INFO - 股票 KDP 的数据已更新 55 天 9 小时前
2025-06-10 09:06:46,264 - __main__ - INFO - 股票 KDP 的最后更新日期为: 2025-04-16 00:00:00
2025-06-10 09:06:46,264 - __main__ - INFO - 将获取股票 KDP 从 2025-04-17 到 2025-06-10 的数据
2025-06-10 09:06:46,961 - __main__ - ERROR - 更新股票 KDP 数据时出错: Too Many Requests. Rate limited. Try after a while.
2025-06-10 09:06:47,016 - __main__ - INFO - 处理股票 KEY，最后更新时间: 2025-04-16 00:00:00
2025-06-10 09:06:47,016 - __main__ - INFO - 股票 KEY 的数据已更新 55 天 9 小时前
2025-06-10 09:06:47,016 - __main__ - INFO - 股票 KEY 的最后更新日期为: 2025-04-16 00:00:00
2025-06-10 09:06:47,016 - __main__ - INFO - 将获取股票 KEY 从 2025-04-17 到 2025-06-10 的数据
2025-06-10 09:06:47,731 - __main__ - ERROR - 更新股票 KEY 数据时出错: Too Many Requests. Rate limited. Try after a while.
2025-06-10 09:06:47,798 - __main__ - INFO - 处理股票 KEYS，最后更新时间: 2025-04-16 00:00:00
2025-06-10 09:06:47,798 - __main__ - INFO - 股票 KEYS 的数据已更新 55 天 9 小时前
2025-06-10 09:06:47,799 - __main__ - INFO - 股票 KEYS 的最后更新日期为: 2025-04-16 00:00:00
2025-06-10 09:06:47,799 - __main__ - INFO - 将获取股票 KEYS 从 2025-04-17 到 2025-06-10 的数据
2025-06-10 09:06:48,462 - __main__ - ERROR - 更新股票 KEYS 数据时出错: Too Many Requests. Rate limited. Try after a while.
2025-06-10 09:06:48,538 - __main__ - INFO - 处理股票 KIM，最后更新时间: 2025-04-16 00:00:00
2025-06-10 09:06:48,538 - __main__ - INFO - 股票 KIM 的数据已更新 55 天 9 小时前
2025-06-10 09:06:48,538 - __main__ - INFO - 股票 KIM 的最后更新日期为: 2025-04-16 00:00:00
2025-06-10 09:06:48,539 - __main__ - INFO - 将获取股票 KIM 从 2025-04-17 到 2025-06-10 的数据
2025-06-10 09:06:49,356 - __main__ - ERROR - 更新股票 KIM 数据时出错: Too Many Requests. Rate limited. Try after a while.
2025-06-10 09:06:49,404 - __main__ - INFO - 处理股票 KKR，最后更新时间: 2025-04-16 00:00:00
2025-06-10 09:06:49,404 - __main__ - INFO - 股票 KKR 的数据已更新 55 天 9 小时前
2025-06-10 09:06:49,404 - __main__ - INFO - 股票 KKR 的最后更新日期为: 2025-04-16 00:00:00
2025-06-10 09:06:49,404 - __main__ - INFO - 将获取股票 KKR 从 2025-04-17 到 2025-06-10 的数据
2025-06-10 09:06:50,282 - __main__ - ERROR - 更新股票 KKR 数据时出错: Too Many Requests. Rate limited. Try after a while.
2025-06-10 09:06:50,314 - __main__ - INFO - 处理股票 KLAC，最后更新时间: 2025-04-16 00:00:00
2025-06-10 09:06:50,314 - __main__ - INFO - 股票 KLAC 的数据已更新 55 天 9 小时前
2025-06-10 09:06:50,314 - __main__ - INFO - 股票 KLAC 的最后更新日期为: 2025-04-16 00:00:00
2025-06-10 09:06:50,315 - __main__ - INFO - 将获取股票 KLAC 从 2025-04-17 到 2025-06-10 的数据
2025-06-10 09:06:50,979 - __main__ - ERROR - 更新股票 KLAC 数据时出错: Too Many Requests. Rate limited. Try after a while.
2025-06-10 09:06:51,039 - __main__ - INFO - 处理股票 KMB，最后更新时间: 2025-04-16 00:00:00
2025-06-10 09:06:51,039 - __main__ - INFO - 股票 KMB 的数据已更新 55 天 9 小时前
2025-06-10 09:06:51,039 - __main__ - INFO - 股票 KMB 的最后更新日期为: 2025-04-16 00:00:00
2025-06-10 09:06:51,039 - __main__ - INFO - 将获取股票 KMB 从 2025-04-17 到 2025-06-10 的数据
2025-06-10 09:06:51,753 - __main__ - ERROR - 更新股票 KMB 数据时出错: Too Many Requests. Rate limited. Try after a while.
2025-06-10 09:06:51,836 - __main__ - INFO - 处理股票 KMI，最后更新时间: 2025-04-16 00:00:00
2025-06-10 09:06:51,836 - __main__ - INFO - 股票 KMI 的数据已更新 55 天 9 小时前
2025-06-10 09:06:51,836 - __main__ - INFO - 股票 KMI 的最后更新日期为: 2025-04-16 00:00:00
2025-06-10 09:06:51,836 - __main__ - INFO - 将获取股票 KMI 从 2025-04-17 到 2025-06-10 的数据
2025-06-10 09:06:52,714 - __main__ - ERROR - 更新股票 KMI 数据时出错: Too Many Requests. Rate limited. Try after a while.
2025-06-10 09:06:52,848 - __main__ - INFO - 处理股票 KMX，最后更新时间: 2025-04-16 00:00:00
2025-06-10 09:06:52,848 - __main__ - INFO - 股票 KMX 的数据已更新 55 天 9 小时前
2025-06-10 09:06:52,848 - __main__ - INFO - 股票 KMX 的最后更新日期为: 2025-04-16 00:00:00
2025-06-10 09:06:52,849 - __main__ - INFO - 将获取股票 KMX 从 2025-04-17 到 2025-06-10 的数据
2025-06-10 09:06:53,895 - __main__ - ERROR - 更新股票 KMX 数据时出错: Too Many Requests. Rate limited. Try after a while.
2025-06-10 09:06:53,945 - __main__ - INFO - 处理股票 KO，最后更新时间: 2025-04-16 00:00:00
2025-06-10 09:06:53,945 - __main__ - INFO - 股票 KO 的数据已更新 55 天 9 小时前
2025-06-10 09:06:53,945 - __main__ - INFO - 股票 KO 的最后更新日期为: 2025-04-16 00:00:00
2025-06-10 09:06:53,945 - __main__ - INFO - 将获取股票 KO 从 2025-04-17 到 2025-06-10 的数据
2025-06-10 09:06:54,767 - __main__ - ERROR - 更新股票 KO 数据时出错: Too Many Requests. Rate limited. Try after a while.
2025-06-10 09:06:54,818 - __main__ - INFO - 处理股票 KR，最后更新时间: 2025-04-16 00:00:00
2025-06-10 09:06:54,818 - __main__ - INFO - 股票 KR 的数据已更新 55 天 9 小时前
2025-06-10 09:06:54,818 - __main__ - INFO - 股票 KR 的最后更新日期为: 2025-04-16 00:00:00
2025-06-10 09:06:54,818 - __main__ - INFO - 将获取股票 KR 从 2025-04-17 到 2025-06-10 的数据
2025-06-10 09:06:55,533 - __main__ - ERROR - 更新股票 KR 数据时出错: Too Many Requests. Rate limited. Try after a while.
2025-06-10 09:06:55,559 - __main__ - INFO - 处理股票 L，最后更新时间: 2025-04-16 00:00:00
2025-06-10 09:06:55,559 - __main__ - INFO - 股票 L 的数据已更新 55 天 9 小时前
2025-06-10 09:06:55,559 - __main__ - INFO - 股票 L 的最后更新日期为: 2025-04-16 00:00:00
2025-06-10 09:06:55,559 - __main__ - INFO - 将获取股票 L 从 2025-04-17 到 2025-06-10 的数据
2025-06-10 09:06:56,276 - __main__ - ERROR - 更新股票 L 数据时出错: Too Many Requests. Rate limited. Try after a while.
2025-06-10 09:06:56,316 - __main__ - INFO - 处理股票 LDOS，最后更新时间: 2025-04-16 00:00:00
2025-06-10 09:06:56,316 - __main__ - INFO - 股票 LDOS 的数据已更新 55 天 9 小时前
2025-06-10 09:06:56,316 - __main__ - INFO - 股票 LDOS 的最后更新日期为: 2025-04-16 00:00:00
2025-06-10 09:06:56,316 - __main__ - INFO - 将获取股票 LDOS 从 2025-04-17 到 2025-06-10 的数据
2025-06-10 09:06:57,139 - __main__ - ERROR - 更新股票 LDOS 数据时出错: Too Many Requests. Rate limited. Try after a while.
2025-06-10 09:06:57,188 - __main__ - INFO - 处理股票 LEN，最后更新时间: 2025-04-16 00:00:00
2025-06-10 09:06:57,188 - __main__ - INFO - 股票 LEN 的数据已更新 55 天 9 小时前
2025-06-10 09:06:57,188 - __main__ - INFO - 股票 LEN 的最后更新日期为: 2025-04-16 00:00:00
2025-06-10 09:06:57,189 - __main__ - INFO - 将获取股票 LEN 从 2025-04-17 到 2025-06-10 的数据
2025-06-10 09:06:57,978 - __main__ - ERROR - 更新股票 LEN 数据时出错: Too Many Requests. Rate limited. Try after a while.
2025-06-10 09:06:58,014 - __main__ - INFO - 处理股票 LH，最后更新时间: 2025-04-16 00:00:00
2025-06-10 09:06:58,014 - __main__ - INFO - 股票 LH 的数据已更新 55 天 9 小时前
2025-06-10 09:06:58,014 - __main__ - INFO - 股票 LH 的最后更新日期为: 2025-04-16 00:00:00
2025-06-10 09:06:58,014 - __main__ - INFO - 将获取股票 LH 从 2025-04-17 到 2025-06-10 的数据
2025-06-10 09:06:58,731 - __main__ - ERROR - 更新股票 LH 数据时出错: Too Many Requests. Rate limited. Try after a while.
2025-06-10 09:06:58,765 - __main__ - INFO - 处理股票 LHX，最后更新时间: 2025-04-16 00:00:00
2025-06-10 09:06:58,765 - __main__ - INFO - 股票 LHX 的数据已更新 55 天 9 小时前
2025-06-10 09:06:58,765 - __main__ - INFO - 股票 LHX 的最后更新日期为: 2025-04-16 00:00:00
2025-06-10 09:06:58,765 - __main__ - INFO - 将获取股票 LHX 从 2025-04-17 到 2025-06-10 的数据
2025-06-10 09:06:59,450 - __main__ - ERROR - 更新股票 LHX 数据时出错: Too Many Requests. Rate limited. Try after a while.
2025-06-10 09:06:59,498 - __main__ - INFO - 处理股票 LIN，最后更新时间: 2025-04-16 00:00:00
2025-06-10 09:06:59,498 - __main__ - INFO - 股票 LIN 的数据已更新 55 天 9 小时前
2025-06-10 09:06:59,498 - __main__ - INFO - 股票 LIN 的最后更新日期为: 2025-04-16 00:00:00
2025-06-10 09:06:59,498 - __main__ - INFO - 将获取股票 LIN 从 2025-04-17 到 2025-06-10 的数据
2025-06-10 09:07:00,268 - __main__ - ERROR - 更新股票 LIN 数据时出错: Too Many Requests. Rate limited. Try after a while.
2025-06-10 09:07:00,314 - __main__ - INFO - 处理股票 LKQ，最后更新时间: 2025-04-16 00:00:00
2025-06-10 09:07:00,314 - __main__ - INFO - 股票 LKQ 的数据已更新 55 天 9 小时前
2025-06-10 09:07:00,314 - __main__ - INFO - 股票 LKQ 的最后更新日期为: 2025-04-16 00:00:00
2025-06-10 09:07:00,314 - __main__ - INFO - 将获取股票 LKQ 从 2025-04-17 到 2025-06-10 的数据
2025-06-10 09:07:01,217 - __main__ - ERROR - 更新股票 LKQ 数据时出错: Too Many Requests. Rate limited. Try after a while.
2025-06-10 09:07:01,255 - __main__ - INFO - 处理股票 LLY，最后更新时间: 2025-04-16 00:00:00
2025-06-10 09:07:01,255 - __main__ - INFO - 股票 LLY 的数据已更新 55 天 9 小时前
2025-06-10 09:07:01,255 - __main__ - INFO - 股票 LLY 的最后更新日期为: 2025-04-16 00:00:00
2025-06-10 09:07:01,255 - __main__ - INFO - 将获取股票 LLY 从 2025-04-17 到 2025-06-10 的数据
2025-06-10 09:07:02,202 - __main__ - ERROR - 更新股票 LLY 数据时出错: Too Many Requests. Rate limited. Try after a while.
2025-06-10 09:07:02,243 - __main__ - INFO - 处理股票 LMT，最后更新时间: 2025-04-16 00:00:00
2025-06-10 09:07:02,243 - __main__ - INFO - 股票 LMT 的数据已更新 55 天 9 小时前
2025-06-10 09:07:02,243 - __main__ - INFO - 股票 LMT 的最后更新日期为: 2025-04-16 00:00:00
2025-06-10 09:07:02,243 - __main__ - INFO - 将获取股票 LMT 从 2025-04-17 到 2025-06-10 的数据
2025-06-10 09:07:02,976 - __main__ - ERROR - 更新股票 LMT 数据时出错: Too Many Requests. Rate limited. Try after a while.
2025-06-10 09:07:03,006 - __main__ - INFO - 处理股票 LNT，最后更新时间: 2025-04-16 00:00:00
2025-06-10 09:07:03,007 - __main__ - INFO - 股票 LNT 的数据已更新 55 天 9 小时前
2025-06-10 09:07:03,007 - __main__ - INFO - 股票 LNT 的最后更新日期为: 2025-04-16 00:00:00
2025-06-10 09:07:03,007 - __main__ - INFO - 将获取股票 LNT 从 2025-04-17 到 2025-06-10 的数据
2025-06-10 09:07:03,784 - __main__ - ERROR - 更新股票 LNT 数据时出错: Too Many Requests. Rate limited. Try after a while.
2025-06-10 09:07:03,804 - __main__ - INFO - 处理股票 LOW，最后更新时间: 2025-04-16 00:00:00
2025-06-10 09:07:03,804 - __main__ - INFO - 股票 LOW 的数据已更新 55 天 9 小时前
2025-06-10 09:07:03,804 - __main__ - INFO - 股票 LOW 的最后更新日期为: 2025-04-16 00:00:00
2025-06-10 09:07:03,805 - __main__ - INFO - 将获取股票 LOW 从 2025-04-17 到 2025-06-10 的数据
2025-06-10 09:07:04,519 - __main__ - ERROR - 更新股票 LOW 数据时出错: Too Many Requests. Rate limited. Try after a while.
2025-06-10 09:07:04,592 - __main__ - INFO - 处理股票 LRCX，最后更新时间: 2025-04-16 00:00:00
2025-06-10 09:07:04,592 - __main__ - INFO - 股票 LRCX 的数据已更新 55 天 9 小时前
2025-06-10 09:07:04,592 - __main__ - INFO - 股票 LRCX 的最后更新日期为: 2025-04-16 00:00:00
2025-06-10 09:07:04,592 - __main__ - INFO - 将获取股票 LRCX 从 2025-04-17 到 2025-06-10 的数据
2025-06-10 09:07:05,592 - __main__ - ERROR - 更新股票 LRCX 数据时出错: Too Many Requests. Rate limited. Try after a while.
2025-06-10 09:07:05,613 - __main__ - INFO - 处理股票 LULU，最后更新时间: 2025-04-16 00:00:00
2025-06-10 09:07:05,613 - __main__ - INFO - 股票 LULU 的数据已更新 55 天 9 小时前
2025-06-10 09:07:05,613 - __main__ - INFO - 股票 LULU 的最后更新日期为: 2025-04-16 00:00:00
2025-06-10 09:07:05,614 - __main__ - INFO - 将获取股票 LULU 从 2025-04-17 到 2025-06-10 的数据
2025-06-10 09:07:06,379 - __main__ - ERROR - 更新股票 LULU 数据时出错: Too Many Requests. Rate limited. Try after a while.
2025-06-10 09:07:06,407 - __main__ - INFO - 处理股票 LUV，最后更新时间: 2025-04-16 00:00:00
2025-06-10 09:07:06,407 - __main__ - INFO - 股票 LUV 的数据已更新 55 天 9 小时前
2025-06-10 09:07:06,407 - __main__ - INFO - 股票 LUV 的最后更新日期为: 2025-04-16 00:00:00
2025-06-10 09:07:06,407 - __main__ - INFO - 将获取股票 LUV 从 2025-04-17 到 2025-06-10 的数据
2025-06-10 09:07:07,200 - __main__ - ERROR - 更新股票 LUV 数据时出错: Too Many Requests. Rate limited. Try after a while.
2025-06-10 09:07:07,248 - __main__ - INFO - 处理股票 LVMUY，最后更新时间: 2025-04-16 00:00:00
2025-06-10 09:07:07,248 - __main__ - INFO - 股票 LVMUY 的数据已更新 55 天 9 小时前
2025-06-10 09:07:07,248 - __main__ - INFO - 股票 LVMUY 的最后更新日期为: 2025-04-16 00:00:00
2025-06-10 09:07:07,248 - __main__ - INFO - 将获取股票 LVMUY 从 2025-04-17 到 2025-06-10 的数据
2025-06-10 09:07:08,012 - __main__ - ERROR - 更新股票 LVMUY 数据时出错: Too Many Requests. Rate limited. Try after a while.
2025-06-10 09:07:08,061 - __main__ - INFO - 处理股票 LVS，最后更新时间: 2025-04-16 00:00:00
2025-06-10 09:07:08,062 - __main__ - INFO - 股票 LVS 的数据已更新 55 天 9 小时前
2025-06-10 09:07:08,062 - __main__ - INFO - 股票 LVS 的最后更新日期为: 2025-04-16 00:00:00
2025-06-10 09:07:08,062 - __main__ - INFO - 将获取股票 LVS 从 2025-04-17 到 2025-06-10 的数据
2025-06-10 09:07:08,899 - __main__ - ERROR - 更新股票 LVS 数据时出错: Too Many Requests. Rate limited. Try after a while.
2025-06-10 09:07:08,947 - __main__ - INFO - 处理股票 LYB，最后更新时间: 2025-04-16 00:00:00
2025-06-10 09:07:08,947 - __main__ - INFO - 股票 LYB 的数据已更新 55 天 9 小时前
2025-06-10 09:07:08,948 - __main__ - INFO - 股票 LYB 的最后更新日期为: 2025-04-16 00:00:00
2025-06-10 09:07:08,948 - __main__ - INFO - 将获取股票 LYB 从 2025-04-17 到 2025-06-10 的数据
2025-06-10 09:07:11,682 - __main__ - ERROR - 更新股票 LYB 数据时出错: Too Many Requests. Rate limited. Try after a while.
2025-06-10 09:07:11,750 - __main__ - INFO - 处理股票 LYV，最后更新时间: 2025-04-16 00:00:00
2025-06-10 09:07:11,750 - __main__ - INFO - 股票 LYV 的数据已更新 55 天 9 小时前
2025-06-10 09:07:11,750 - __main__ - INFO - 股票 LYV 的最后更新日期为: 2025-04-16 00:00:00
2025-06-10 09:07:11,750 - __main__ - INFO - 将获取股票 LYV 从 2025-04-17 到 2025-06-10 的数据
2025-06-10 09:07:12,474 - __main__ - ERROR - 更新股票 LYV 数据时出错: Too Many Requests. Rate limited. Try after a while.
2025-06-10 09:07:12,516 - __main__ - INFO - 处理股票 MA，最后更新时间: 2025-04-16 00:00:00
2025-06-10 09:07:12,516 - __main__ - INFO - 股票 MA 的数据已更新 55 天 9 小时前
2025-06-10 09:07:12,516 - __main__ - INFO - 股票 MA 的最后更新日期为: 2025-04-16 00:00:00
2025-06-10 09:07:12,516 - __main__ - INFO - 将获取股票 MA 从 2025-04-17 到 2025-06-10 的数据
2025-06-10 09:07:13,224 - __main__ - ERROR - 更新股票 MA 数据时出错: Too Many Requests. Rate limited. Try after a while.
2025-06-10 09:07:13,266 - __main__ - INFO - 处理股票 MAA，最后更新时间: 2025-04-16 00:00:00
2025-06-10 09:07:13,267 - __main__ - INFO - 股票 MAA 的数据已更新 55 天 9 小时前
2025-06-10 09:07:13,267 - __main__ - INFO - 股票 MAA 的最后更新日期为: 2025-04-16 00:00:00
2025-06-10 09:07:13,267 - __main__ - INFO - 将获取股票 MAA 从 2025-04-17 到 2025-06-10 的数据
2025-06-10 09:07:14,037 - __main__ - ERROR - 更新股票 MAA 数据时出错: Too Many Requests. Rate limited. Try after a while.
2025-06-10 09:07:14,067 - __main__ - INFO - 处理股票 MAR，最后更新时间: 2025-04-16 00:00:00
2025-06-10 09:07:14,067 - __main__ - INFO - 股票 MAR 的数据已更新 55 天 9 小时前
2025-06-10 09:07:14,067 - __main__ - INFO - 股票 MAR 的最后更新日期为: 2025-04-16 00:00:00
2025-06-10 09:07:14,067 - __main__ - INFO - 将获取股票 MAR 从 2025-04-17 到 2025-06-10 的数据
2025-06-10 09:07:14,946 - __main__ - ERROR - 更新股票 MAR 数据时出错: Too Many Requests. Rate limited. Try after a while.
2025-06-10 09:07:14,994 - __main__ - INFO - 处理股票 MAS，最后更新时间: 2025-04-16 00:00:00
2025-06-10 09:07:14,994 - __main__ - INFO - 股票 MAS 的数据已更新 55 天 9 小时前
2025-06-10 09:07:14,994 - __main__ - INFO - 股票 MAS 的最后更新日期为: 2025-04-16 00:00:00
2025-06-10 09:07:14,994 - __main__ - INFO - 将获取股票 MAS 从 2025-04-17 到 2025-06-10 的数据
2025-06-10 09:07:15,745 - __main__ - ERROR - 更新股票 MAS 数据时出错: Too Many Requests. Rate limited. Try after a while.
2025-06-10 09:07:15,792 - __main__ - INFO - 处理股票 MCD，最后更新时间: 2025-04-16 00:00:00
2025-06-10 09:07:15,792 - __main__ - INFO - 股票 MCD 的数据已更新 55 天 9 小时前
2025-06-10 09:07:15,792 - __main__ - INFO - 股票 MCD 的最后更新日期为: 2025-04-16 00:00:00
2025-06-10 09:07:15,792 - __main__ - INFO - 将获取股票 MCD 从 2025-04-17 到 2025-06-10 的数据
2025-06-10 09:07:16,736 - __main__ - ERROR - 更新股票 MCD 数据时出错: Too Many Requests. Rate limited. Try after a while.
2025-06-10 09:07:16,767 - __main__ - INFO - 处理股票 MCHP，最后更新时间: 2025-04-16 00:00:00
2025-06-10 09:07:16,767 - __main__ - INFO - 股票 MCHP 的数据已更新 55 天 9 小时前
2025-06-10 09:07:16,767 - __main__ - INFO - 股票 MCHP 的最后更新日期为: 2025-04-16 00:00:00
2025-06-10 09:07:16,767 - __main__ - INFO - 将获取股票 MCHP 从 2025-04-17 到 2025-06-10 的数据
2025-06-10 09:07:17,481 - __main__ - ERROR - 更新股票 MCHP 数据时出错: Too Many Requests. Rate limited. Try after a while.
2025-06-10 09:07:17,516 - __main__ - INFO - 处理股票 MCK，最后更新时间: 2025-04-16 00:00:00
2025-06-10 09:07:17,516 - __main__ - INFO - 股票 MCK 的数据已更新 55 天 9 小时前
2025-06-10 09:07:17,516 - __main__ - INFO - 股票 MCK 的最后更新日期为: 2025-04-16 00:00:00
2025-06-10 09:07:17,517 - __main__ - INFO - 将获取股票 MCK 从 2025-04-17 到 2025-06-10 的数据
2025-06-10 09:07:18,325 - __main__ - ERROR - 更新股票 MCK 数据时出错: Too Many Requests. Rate limited. Try after a while.
2025-06-10 09:07:18,365 - __main__ - INFO - 处理股票 MCO，最后更新时间: 2025-04-16 00:00:00
2025-06-10 09:07:18,365 - __main__ - INFO - 股票 MCO 的数据已更新 55 天 9 小时前
2025-06-10 09:07:18,365 - __main__ - INFO - 股票 MCO 的最后更新日期为: 2025-04-16 00:00:00
2025-06-10 09:07:18,365 - __main__ - INFO - 将获取股票 MCO 从 2025-04-17 到 2025-06-10 的数据
2025-06-10 09:07:19,300 - __main__ - ERROR - 更新股票 MCO 数据时出错: Too Many Requests. Rate limited. Try after a while.
2025-06-10 09:07:19,351 - __main__ - INFO - 处理股票 MDLZ，最后更新时间: 2025-04-16 00:00:00
2025-06-10 09:07:19,351 - __main__ - INFO - 股票 MDLZ 的数据已更新 55 天 9 小时前
2025-06-10 09:07:19,351 - __main__ - INFO - 股票 MDLZ 的最后更新日期为: 2025-04-16 00:00:00
2025-06-10 09:07:19,351 - __main__ - INFO - 将获取股票 MDLZ 从 2025-04-17 到 2025-06-10 的数据
2025-06-10 09:07:20,584 - __main__ - ERROR - 更新股票 MDLZ 数据时出错: Too Many Requests. Rate limited. Try after a while.
2025-06-10 09:07:20,609 - __main__ - INFO - 处理股票 MDT，最后更新时间: 2025-04-16 00:00:00
2025-06-10 09:07:20,609 - __main__ - INFO - 股票 MDT 的数据已更新 55 天 9 小时前
2025-06-10 09:07:20,609 - __main__ - INFO - 股票 MDT 的最后更新日期为: 2025-04-16 00:00:00
2025-06-10 09:07:20,609 - __main__ - INFO - 将获取股票 MDT 从 2025-04-17 到 2025-06-10 的数据
2025-06-10 09:07:21,405 - __main__ - ERROR - 更新股票 MDT 数据时出错: Too Many Requests. Rate limited. Try after a while.
2025-06-10 09:07:21,443 - __main__ - INFO - 处理股票 MELI，最后更新时间: 2025-04-16 00:00:00
2025-06-10 09:07:21,443 - __main__ - INFO - 股票 MELI 的数据已更新 55 天 9 小时前
2025-06-10 09:07:21,443 - __main__ - INFO - 股票 MELI 的最后更新日期为: 2025-04-16 00:00:00
2025-06-10 09:07:21,444 - __main__ - INFO - 将获取股票 MELI 从 2025-04-17 到 2025-06-10 的数据
2025-06-10 09:07:22,130 - __main__ - ERROR - 更新股票 MELI 数据时出错: Too Many Requests. Rate limited. Try after a while.
2025-06-10 09:07:22,165 - __main__ - INFO - 处理股票 MET，最后更新时间: 2025-04-16 00:00:00
2025-06-10 09:07:22,165 - __main__ - INFO - 股票 MET 的数据已更新 55 天 9 小时前
2025-06-10 09:07:22,165 - __main__ - INFO - 股票 MET 的最后更新日期为: 2025-04-16 00:00:00
2025-06-10 09:07:22,165 - __main__ - INFO - 将获取股票 MET 从 2025-04-17 到 2025-06-10 的数据
2025-06-10 09:07:22,953 - __main__ - ERROR - 更新股票 MET 数据时出错: Too Many Requests. Rate limited. Try after a while.
2025-06-10 09:07:23,001 - __main__ - INFO - 处理股票 META，最后更新时间: 2025-04-16 00:00:00
2025-06-10 09:07:23,002 - __main__ - INFO - 股票 META 的数据已更新 55 天 9 小时前
2025-06-10 09:07:23,002 - __main__ - INFO - 股票 META 的最后更新日期为: 2025-04-16 00:00:00
2025-06-10 09:07:23,002 - __main__ - INFO - 将获取股票 META 从 2025-04-17 到 2025-06-10 的数据
2025-06-10 09:07:24,088 - __main__ - ERROR - 更新股票 META 数据时出错: Too Many Requests. Rate limited. Try after a while.
2025-06-10 09:07:24,136 - __main__ - INFO - 处理股票 MGM，最后更新时间: 2025-04-16 00:00:00
2025-06-10 09:07:24,137 - __main__ - INFO - 股票 MGM 的数据已更新 55 天 9 小时前
2025-06-10 09:07:24,137 - __main__ - INFO - 股票 MGM 的最后更新日期为: 2025-04-16 00:00:00
2025-06-10 09:07:24,137 - __main__ - INFO - 将获取股票 MGM 从 2025-04-17 到 2025-06-10 的数据
2025-06-10 09:07:24,967 - __main__ - ERROR - 更新股票 MGM 数据时出错: Too Many Requests. Rate limited. Try after a while.
2025-06-10 09:07:25,015 - __main__ - INFO - 处理股票 MHK，最后更新时间: 2025-04-16 00:00:00
2025-06-10 09:07:25,015 - __main__ - INFO - 股票 MHK 的数据已更新 55 天 9 小时前
2025-06-10 09:07:25,015 - __main__ - INFO - 股票 MHK 的最后更新日期为: 2025-04-16 00:00:00
2025-06-10 09:07:25,015 - __main__ - INFO - 将获取股票 MHK 从 2025-04-17 到 2025-06-10 的数据
2025-06-10 09:07:26,394 - __main__ - ERROR - 更新股票 MHK 数据时出错: Too Many Requests. Rate limited. Try after a while.
2025-06-10 09:07:26,455 - __main__ - INFO - 处理股票 MKC，最后更新时间: 2025-04-16 00:00:00
2025-06-10 09:07:26,455 - __main__ - INFO - 股票 MKC 的数据已更新 55 天 9 小时前
2025-06-10 09:07:26,455 - __main__ - INFO - 股票 MKC 的最后更新日期为: 2025-04-16 00:00:00
2025-06-10 09:07:26,455 - __main__ - INFO - 将获取股票 MKC 从 2025-04-17 到 2025-06-10 的数据
2025-06-10 09:07:31,543 - __main__ - ERROR - 更新股票 MKC 数据时出错: Too Many Requests. Rate limited. Try after a while.
2025-06-10 09:07:31,585 - __main__ - INFO - 处理股票 MKTX，最后更新时间: 2025-04-16 00:00:00
2025-06-10 09:07:31,586 - __main__ - INFO - 股票 MKTX 的数据已更新 55 天 9 小时前
2025-06-10 09:07:31,586 - __main__ - INFO - 股票 MKTX 的最后更新日期为: 2025-04-16 00:00:00
2025-06-10 09:07:31,586 - __main__ - INFO - 将获取股票 MKTX 从 2025-04-17 到 2025-06-10 的数据
2025-06-10 09:07:33,347 - __main__ - ERROR - 更新股票 MKTX 数据时出错: Too Many Requests. Rate limited. Try after a while.
2025-06-10 09:07:33,366 - __main__ - INFO - 处理股票 MLM，最后更新时间: 2025-04-16 00:00:00
2025-06-10 09:07:33,366 - __main__ - INFO - 股票 MLM 的数据已更新 55 天 9 小时前
2025-06-10 09:07:33,366 - __main__ - INFO - 股票 MLM 的最后更新日期为: 2025-04-16 00:00:00
2025-06-10 09:07:33,366 - __main__ - INFO - 将获取股票 MLM 从 2025-04-17 到 2025-06-10 的数据
2025-06-10 09:07:34,091 - __main__ - ERROR - 更新股票 MLM 数据时出错: Too Many Requests. Rate limited. Try after a while.
2025-06-10 09:07:34,144 - __main__ - INFO - 处理股票 MMC，最后更新时间: 2025-04-16 00:00:00
2025-06-10 09:07:34,144 - __main__ - INFO - 股票 MMC 的数据已更新 55 天 9 小时前
2025-06-10 09:07:34,145 - __main__ - INFO - 股票 MMC 的最后更新日期为: 2025-04-16 00:00:00
2025-06-10 09:07:34,145 - __main__ - INFO - 将获取股票 MMC 从 2025-04-17 到 2025-06-10 的数据
2025-06-10 09:07:34,993 - __main__ - ERROR - 更新股票 MMC 数据时出错: Too Many Requests. Rate limited. Try after a while.
2025-06-10 09:07:35,040 - __main__ - INFO - 处理股票 MMM，最后更新时间: 2025-04-16 00:00:00
2025-06-10 09:07:35,047 - __main__ - INFO - 股票 MMM 的数据已更新 55 天 9 小时前
2025-06-10 09:07:35,047 - __main__ - INFO - 股票 MMM 的最后更新日期为: 2025-04-16 00:00:00
2025-06-10 09:07:35,047 - __main__ - INFO - 将获取股票 MMM 从 2025-04-17 到 2025-06-10 的数据
2025-06-10 09:07:35,799 - __main__ - ERROR - 更新股票 MMM 数据时出错: Too Many Requests. Rate limited. Try after a while.
2025-06-10 09:07:35,852 - __main__ - INFO - 处理股票 MNST，最后更新时间: 2025-04-16 00:00:00
2025-06-10 09:07:35,853 - __main__ - INFO - 股票 MNST 的数据已更新 55 天 9 小时前
2025-06-10 09:07:35,853 - __main__ - INFO - 股票 MNST 的最后更新日期为: 2025-04-16 00:00:00
2025-06-10 09:07:35,853 - __main__ - INFO - 将获取股票 MNST 从 2025-04-17 到 2025-06-10 的数据
2025-06-10 09:07:36,586 - __main__ - ERROR - 更新股票 MNST 数据时出错: Too Many Requests. Rate limited. Try after a while.
2025-06-10 09:07:36,606 - __main__ - INFO - 处理股票 MO，最后更新时间: 2025-04-16 00:00:00
2025-06-10 09:07:36,606 - __main__ - INFO - 股票 MO 的数据已更新 55 天 9 小时前
2025-06-10 09:07:36,606 - __main__ - INFO - 股票 MO 的最后更新日期为: 2025-04-16 00:00:00
2025-06-10 09:07:36,606 - __main__ - INFO - 将获取股票 MO 从 2025-04-17 到 2025-06-10 的数据
2025-06-10 09:07:37,283 - __main__ - ERROR - 更新股票 MO 数据时出错: Too Many Requests. Rate limited. Try after a while.
2025-06-10 09:07:37,316 - __main__ - INFO - 处理股票 MOH，最后更新时间: 2025-04-16 00:00:00
2025-06-10 09:07:37,316 - __main__ - INFO - 股票 MOH 的数据已更新 55 天 9 小时前
2025-06-10 09:07:37,316 - __main__ - INFO - 股票 MOH 的最后更新日期为: 2025-04-16 00:00:00
2025-06-10 09:07:37,316 - __main__ - INFO - 将获取股票 MOH 从 2025-04-17 到 2025-06-10 的数据
2025-06-10 09:07:38,052 - __main__ - ERROR - 更新股票 MOH 数据时出错: Too Many Requests. Rate limited. Try after a while.
2025-06-10 09:07:38,100 - __main__ - INFO - 处理股票 MOS，最后更新时间: 2025-04-16 00:00:00
2025-06-10 09:07:38,100 - __main__ - INFO - 股票 MOS 的数据已更新 55 天 9 小时前
2025-06-10 09:07:38,100 - __main__ - INFO - 股票 MOS 的最后更新日期为: 2025-04-16 00:00:00
2025-06-10 09:07:38,100 - __main__ - INFO - 将获取股票 MOS 从 2025-04-17 到 2025-06-10 的数据
2025-06-10 09:07:38,855 - __main__ - ERROR - 更新股票 MOS 数据时出错: Too Many Requests. Rate limited. Try after a while.
2025-06-10 09:07:38,902 - __main__ - INFO - 处理股票 MPC，最后更新时间: 2025-04-16 00:00:00
2025-06-10 09:07:38,902 - __main__ - INFO - 股票 MPC 的数据已更新 55 天 9 小时前
2025-06-10 09:07:38,902 - __main__ - INFO - 股票 MPC 的最后更新日期为: 2025-04-16 00:00:00
2025-06-10 09:07:38,902 - __main__ - INFO - 将获取股票 MPC 从 2025-04-17 到 2025-06-10 的数据
2025-06-10 09:07:39,701 - __main__ - ERROR - 更新股票 MPC 数据时出错: Too Many Requests. Rate limited. Try after a while.
2025-06-10 09:07:39,748 - __main__ - INFO - 处理股票 MPWR，最后更新时间: 2025-04-16 00:00:00
2025-06-10 09:07:39,748 - __main__ - INFO - 股票 MPWR 的数据已更新 55 天 9 小时前
2025-06-10 09:07:39,749 - __main__ - INFO - 股票 MPWR 的最后更新日期为: 2025-04-16 00:00:00
2025-06-10 09:07:39,749 - __main__ - INFO - 将获取股票 MPWR 从 2025-04-17 到 2025-06-10 的数据
2025-06-10 09:07:40,429 - __main__ - ERROR - 更新股票 MPWR 数据时出错: Too Many Requests. Rate limited. Try after a while.
2025-06-10 09:07:40,467 - __main__ - INFO - 处理股票 MRK，最后更新时间: 2025-04-16 00:00:00
2025-06-10 09:07:40,467 - __main__ - INFO - 股票 MRK 的数据已更新 55 天 9 小时前
2025-06-10 09:07:40,467 - __main__ - INFO - 股票 MRK 的最后更新日期为: 2025-04-16 00:00:00
2025-06-10 09:07:40,467 - __main__ - INFO - 将获取股票 MRK 从 2025-04-17 到 2025-06-10 的数据
2025-06-10 09:07:41,566 - __main__ - ERROR - 更新股票 MRK 数据时出错: Too Many Requests. Rate limited. Try after a while.
2025-06-10 09:07:41,608 - __main__ - INFO - 处理股票 MRVL，最后更新时间: 2025-04-16 00:00:00
2025-06-10 09:07:41,608 - __main__ - INFO - 股票 MRVL 的数据已更新 55 天 9 小时前
2025-06-10 09:07:41,608 - __main__ - INFO - 股票 MRVL 的最后更新日期为: 2025-04-16 00:00:00
2025-06-10 09:07:41,608 - __main__ - INFO - 将获取股票 MRVL 从 2025-04-17 到 2025-06-10 的数据
2025-06-10 09:07:42,355 - __main__ - ERROR - 更新股票 MRVL 数据时出错: Too Many Requests. Rate limited. Try after a while.
2025-06-10 09:07:42,402 - __main__ - INFO - 处理股票 MS，最后更新时间: 2025-04-16 00:00:00
2025-06-10 09:07:42,402 - __main__ - INFO - 股票 MS 的数据已更新 55 天 9 小时前
2025-06-10 09:07:42,402 - __main__ - INFO - 股票 MS 的最后更新日期为: 2025-04-16 00:00:00
2025-06-10 09:07:42,402 - __main__ - INFO - 将获取股票 MS 从 2025-04-17 到 2025-06-10 的数据
2025-06-10 09:07:43,184 - __main__ - ERROR - 更新股票 MS 数据时出错: Too Many Requests. Rate limited. Try after a while.
2025-06-10 09:07:43,216 - __main__ - INFO - 处理股票 MSCI，最后更新时间: 2025-04-16 00:00:00
2025-06-10 09:07:43,216 - __main__ - INFO - 股票 MSCI 的数据已更新 55 天 9 小时前
2025-06-10 09:07:43,216 - __main__ - INFO - 股票 MSCI 的最后更新日期为: 2025-04-16 00:00:00
2025-06-10 09:07:43,216 - __main__ - INFO - 将获取股票 MSCI 从 2025-04-17 到 2025-06-10 的数据
2025-06-10 09:07:43,940 - __main__ - ERROR - 更新股票 MSCI 数据时出错: Too Many Requests. Rate limited. Try after a while.
2025-06-10 09:07:43,968 - __main__ - INFO - 处理股票 MSFT，最后更新时间: 2025-04-16 00:00:00
2025-06-10 09:07:43,968 - __main__ - INFO - 股票 MSFT 的数据已更新 55 天 9 小时前
2025-06-10 09:07:43,968 - __main__ - INFO - 股票 MSFT 的最后更新日期为: 2025-04-16 00:00:00
2025-06-10 09:07:43,968 - __main__ - INFO - 将获取股票 MSFT 从 2025-04-17 到 2025-06-10 的数据
2025-06-10 09:07:44,822 - __main__ - ERROR - 更新股票 MSFT 数据时出错: Too Many Requests. Rate limited. Try after a while.
2025-06-10 09:07:44,865 - __main__ - INFO - 处理股票 MSI，最后更新时间: 2025-04-16 00:00:00
2025-06-10 09:07:44,865 - __main__ - INFO - 股票 MSI 的数据已更新 55 天 9 小时前
2025-06-10 09:07:44,865 - __main__ - INFO - 股票 MSI 的最后更新日期为: 2025-04-16 00:00:00
2025-06-10 09:07:44,865 - __main__ - INFO - 将获取股票 MSI 从 2025-04-17 到 2025-06-10 的数据
2025-06-10 09:07:45,776 - __main__ - ERROR - 更新股票 MSI 数据时出错: Too Many Requests. Rate limited. Try after a while.
2025-06-10 09:07:45,811 - __main__ - INFO - 处理股票 MTB，最后更新时间: 2025-04-16 00:00:00
2025-06-10 09:07:45,812 - __main__ - INFO - 股票 MTB 的数据已更新 55 天 9 小时前
2025-06-10 09:07:45,812 - __main__ - INFO - 股票 MTB 的最后更新日期为: 2025-04-16 00:00:00
2025-06-10 09:07:45,812 - __main__ - INFO - 将获取股票 MTB 从 2025-04-17 到 2025-06-10 的数据
2025-06-10 09:07:46,612 - __main__ - ERROR - 更新股票 MTB 数据时出错: Too Many Requests. Rate limited. Try after a while.
2025-06-10 09:07:46,657 - __main__ - INFO - 处理股票 MTCH，最后更新时间: 2025-04-16 00:00:00
2025-06-10 09:07:46,657 - __main__ - INFO - 股票 MTCH 的数据已更新 55 天 9 小时前
2025-06-10 09:07:46,657 - __main__ - INFO - 股票 MTCH 的最后更新日期为: 2025-04-16 00:00:00
2025-06-10 09:07:46,658 - __main__ - INFO - 将获取股票 MTCH 从 2025-04-17 到 2025-06-10 的数据
2025-06-10 09:07:47,346 - __main__ - ERROR - 更新股票 MTCH 数据时出错: Too Many Requests. Rate limited. Try after a while.
2025-06-10 09:07:47,394 - __main__ - INFO - 处理股票 MTD，最后更新时间: 2025-04-16 00:00:00
2025-06-10 09:07:47,394 - __main__ - INFO - 股票 MTD 的数据已更新 55 天 9 小时前
2025-06-10 09:07:47,394 - __main__ - INFO - 股票 MTD 的最后更新日期为: 2025-04-16 00:00:00
2025-06-10 09:07:47,394 - __main__ - INFO - 将获取股票 MTD 从 2025-04-17 到 2025-06-10 的数据
2025-06-10 09:07:48,148 - __main__ - ERROR - 更新股票 MTD 数据时出错: Too Many Requests. Rate limited. Try after a while.
2025-06-10 09:07:48,196 - __main__ - INFO - 处理股票 MU，最后更新时间: 2025-04-16 00:00:00
2025-06-10 09:07:48,196 - __main__ - INFO - 股票 MU 的数据已更新 55 天 9 小时前
2025-06-10 09:07:48,197 - __main__ - INFO - 股票 MU 的最后更新日期为: 2025-04-16 00:00:00
2025-06-10 09:07:48,197 - __main__ - INFO - 将获取股票 MU 从 2025-04-17 到 2025-06-10 的数据
2025-06-10 09:07:48,886 - __main__ - ERROR - 更新股票 MU 数据时出错: Too Many Requests. Rate limited. Try after a while.
2025-06-10 09:07:48,936 - __main__ - INFO - 处理股票 NCLH，最后更新时间: 2025-04-16 00:00:00
2025-06-10 09:07:48,936 - __main__ - INFO - 股票 NCLH 的数据已更新 55 天 9 小时前
2025-06-10 09:07:48,936 - __main__ - INFO - 股票 NCLH 的最后更新日期为: 2025-04-16 00:00:00
2025-06-10 09:07:48,936 - __main__ - INFO - 将获取股票 NCLH 从 2025-04-17 到 2025-06-10 的数据
2025-06-10 09:07:49,665 - __main__ - ERROR - 更新股票 NCLH 数据时出错: Too Many Requests. Rate limited. Try after a while.
2025-06-10 09:07:49,713 - __main__ - INFO - 处理股票 NDAQ，最后更新时间: 2025-04-16 00:00:00
2025-06-10 09:07:49,713 - __main__ - INFO - 股票 NDAQ 的数据已更新 55 天 9 小时前
2025-06-10 09:07:49,713 - __main__ - INFO - 股票 NDAQ 的最后更新日期为: 2025-04-16 00:00:00
2025-06-10 09:07:49,713 - __main__ - INFO - 将获取股票 NDAQ 从 2025-04-17 到 2025-06-10 的数据
2025-06-10 09:07:50,457 - __main__ - ERROR - 更新股票 NDAQ 数据时出错: Too Many Requests. Rate limited. Try after a while.
2025-06-10 09:07:50,506 - __main__ - INFO - 处理股票 NDSN，最后更新时间: 2025-04-16 00:00:00
2025-06-10 09:07:50,506 - __main__ - INFO - 股票 NDSN 的数据已更新 55 天 9 小时前
2025-06-10 09:07:50,506 - __main__ - INFO - 股票 NDSN 的最后更新日期为: 2025-04-16 00:00:00
2025-06-10 09:07:50,506 - __main__ - INFO - 将获取股票 NDSN 从 2025-04-17 到 2025-06-10 的数据
2025-06-10 09:07:51,189 - __main__ - ERROR - 更新股票 NDSN 数据时出错: Too Many Requests. Rate limited. Try after a while.
2025-06-10 09:07:51,209 - __main__ - INFO - 处理股票 NEE，最后更新时间: 2025-04-16 00:00:00
2025-06-10 09:07:51,210 - __main__ - INFO - 股票 NEE 的数据已更新 55 天 9 小时前
2025-06-10 09:07:51,210 - __main__ - INFO - 股票 NEE 的最后更新日期为: 2025-04-16 00:00:00
2025-06-10 09:07:51,210 - __main__ - INFO - 将获取股票 NEE 从 2025-04-17 到 2025-06-10 的数据
2025-06-10 09:07:52,012 - __main__ - ERROR - 更新股票 NEE 数据时出错: Too Many Requests. Rate limited. Try after a while.
2025-06-10 09:07:52,050 - __main__ - INFO - 处理股票 NEM，最后更新时间: 2025-04-16 00:00:00
2025-06-10 09:07:52,051 - __main__ - INFO - 股票 NEM 的数据已更新 55 天 9 小时前
2025-06-10 09:07:52,051 - __main__ - INFO - 股票 NEM 的最后更新日期为: 2025-04-16 00:00:00
2025-06-10 09:07:52,051 - __main__ - INFO - 将获取股票 NEM 从 2025-04-17 到 2025-06-10 的数据
2025-06-10 09:07:52,788 - __main__ - ERROR - 更新股票 NEM 数据时出错: Too Many Requests. Rate limited. Try after a while.
2025-06-10 09:07:52,836 - __main__ - INFO - 处理股票 NFLX，最后更新时间: 2025-04-16 00:00:00
2025-06-10 09:07:52,836 - __main__ - INFO - 股票 NFLX 的数据已更新 55 天 9 小时前
2025-06-10 09:07:52,836 - __main__ - INFO - 股票 NFLX 的最后更新日期为: 2025-04-16 00:00:00
2025-06-10 09:07:52,837 - __main__ - INFO - 将获取股票 NFLX 从 2025-04-17 到 2025-06-10 的数据
2025-06-10 09:07:53,707 - __main__ - ERROR - 更新股票 NFLX 数据时出错: Too Many Requests. Rate limited. Try after a while.
2025-06-10 09:07:53,755 - __main__ - INFO - 处理股票 NI，最后更新时间: 2025-04-16 00:00:00
2025-06-10 09:07:53,755 - __main__ - INFO - 股票 NI 的数据已更新 55 天 9 小时前
2025-06-10 09:07:53,755 - __main__ - INFO - 股票 NI 的最后更新日期为: 2025-04-16 00:00:00
2025-06-10 09:07:53,755 - __main__ - INFO - 将获取股票 NI 从 2025-04-17 到 2025-06-10 的数据
2025-06-10 09:07:54,483 - __main__ - ERROR - 更新股票 NI 数据时出错: Too Many Requests. Rate limited. Try after a while.
2025-06-10 09:07:54,515 - __main__ - INFO - 处理股票 NKE，最后更新时间: 2025-04-16 00:00:00
2025-06-10 09:07:54,515 - __main__ - INFO - 股票 NKE 的数据已更新 55 天 9 小时前
2025-06-10 09:07:54,515 - __main__ - INFO - 股票 NKE 的最后更新日期为: 2025-04-16 00:00:00
2025-06-10 09:07:54,515 - __main__ - INFO - 将获取股票 NKE 从 2025-04-17 到 2025-06-10 的数据
2025-06-10 09:07:55,172 - __main__ - ERROR - 更新股票 NKE 数据时出错: Too Many Requests. Rate limited. Try after a while.
2025-06-10 09:07:55,213 - __main__ - INFO - 处理股票 NOC，最后更新时间: 2025-04-16 00:00:00
2025-06-10 09:07:55,213 - __main__ - INFO - 股票 NOC 的数据已更新 55 天 9 小时前
2025-06-10 09:07:55,214 - __main__ - INFO - 股票 NOC 的最后更新日期为: 2025-04-16 00:00:00
2025-06-10 09:07:55,214 - __main__ - INFO - 将获取股票 NOC 从 2025-04-17 到 2025-06-10 的数据
2025-06-10 09:07:55,961 - __main__ - ERROR - 更新股票 NOC 数据时出错: Too Many Requests. Rate limited. Try after a while.
2025-06-10 09:07:56,007 - __main__ - INFO - 处理股票 NOW，最后更新时间: 2025-04-16 00:00:00
2025-06-10 09:07:56,007 - __main__ - INFO - 股票 NOW 的数据已更新 55 天 9 小时前
2025-06-10 09:07:56,007 - __main__ - INFO - 股票 NOW 的最后更新日期为: 2025-04-16 00:00:00
2025-06-10 09:07:56,007 - __main__ - INFO - 将获取股票 NOW 从 2025-04-17 到 2025-06-10 的数据
2025-06-10 09:07:56,871 - __main__ - ERROR - 更新股票 NOW 数据时出错: Too Many Requests. Rate limited. Try after a while.
2025-06-10 09:07:56,914 - __main__ - INFO - 处理股票 NRG，最后更新时间: 2025-04-16 00:00:00
2025-06-10 09:07:56,914 - __main__ - INFO - 股票 NRG 的数据已更新 55 天 9 小时前
2025-06-10 09:07:56,914 - __main__ - INFO - 股票 NRG 的最后更新日期为: 2025-04-16 00:00:00
2025-06-10 09:07:56,914 - __main__ - INFO - 将获取股票 NRG 从 2025-04-17 到 2025-06-10 的数据
2025-06-10 09:07:57,628 - __main__ - ERROR - 更新股票 NRG 数据时出错: Too Many Requests. Rate limited. Try after a while.
2025-06-10 09:07:57,666 - __main__ - INFO - 处理股票 NSC，最后更新时间: 2025-04-16 00:00:00
2025-06-10 09:07:57,667 - __main__ - INFO - 股票 NSC 的数据已更新 55 天 9 小时前
2025-06-10 09:07:57,667 - __main__ - INFO - 股票 NSC 的最后更新日期为: 2025-04-16 00:00:00
2025-06-10 09:07:57,667 - __main__ - INFO - 将获取股票 NSC 从 2025-04-17 到 2025-06-10 的数据
2025-06-10 09:07:58,366 - __main__ - ERROR - 更新股票 NSC 数据时出错: Too Many Requests. Rate limited. Try after a while.
2025-06-10 09:07:58,412 - __main__ - INFO - 处理股票 NTAP，最后更新时间: 2025-04-16 00:00:00
2025-06-10 09:07:58,413 - __main__ - INFO - 股票 NTAP 的数据已更新 55 天 9 小时前
2025-06-10 09:07:58,413 - __main__ - INFO - 股票 NTAP 的最后更新日期为: 2025-04-16 00:00:00
2025-06-10 09:07:58,413 - __main__ - INFO - 将获取股票 NTAP 从 2025-04-17 到 2025-06-10 的数据
2025-06-10 09:07:59,206 - __main__ - ERROR - 更新股票 NTAP 数据时出错: Too Many Requests. Rate limited. Try after a while.
2025-06-10 09:07:59,255 - __main__ - INFO - 处理股票 NTRS，最后更新时间: 2025-04-16 00:00:00
2025-06-10 09:07:59,255 - __main__ - INFO - 股票 NTRS 的数据已更新 55 天 9 小时前
2025-06-10 09:07:59,255 - __main__ - INFO - 股票 NTRS 的最后更新日期为: 2025-04-16 00:00:00
2025-06-10 09:07:59,255 - __main__ - INFO - 将获取股票 NTRS 从 2025-04-17 到 2025-06-10 的数据
2025-06-10 09:08:00,089 - __main__ - ERROR - 更新股票 NTRS 数据时出错: Too Many Requests. Rate limited. Try after a while.
2025-06-10 09:08:00,116 - __main__ - INFO - 处理股票 NUE，最后更新时间: 2025-04-16 00:00:00
2025-06-10 09:08:00,116 - __main__ - INFO - 股票 NUE 的数据已更新 55 天 9 小时前
2025-06-10 09:08:00,116 - __main__ - INFO - 股票 NUE 的最后更新日期为: 2025-04-16 00:00:00
2025-06-10 09:08:00,116 - __main__ - INFO - 将获取股票 NUE 从 2025-04-17 到 2025-06-10 的数据
2025-06-10 09:08:00,752 - __main__ - ERROR - 更新股票 NUE 数据时出错: Too Many Requests. Rate limited. Try after a while.
2025-06-10 09:08:00,801 - __main__ - INFO - 处理股票 NVDA，最后更新时间: 2025-04-16 00:00:00
2025-06-10 09:08:00,801 - __main__ - INFO - 股票 NVDA 的数据已更新 55 天 9 小时前
2025-06-10 09:08:00,801 - __main__ - INFO - 股票 NVDA 的最后更新日期为: 2025-04-16 00:00:00
2025-06-10 09:08:00,802 - __main__ - INFO - 将获取股票 NVDA 从 2025-04-17 到 2025-06-10 的数据
2025-06-10 09:08:01,579 - __main__ - ERROR - 更新股票 NVDA 数据时出错: Too Many Requests. Rate limited. Try after a while.
2025-06-10 09:08:01,607 - __main__ - INFO - 处理股票 NVR，最后更新时间: 2025-04-16 00:00:00
2025-06-10 09:08:01,607 - __main__ - INFO - 股票 NVR 的数据已更新 55 天 9 小时前
2025-06-10 09:08:01,607 - __main__ - INFO - 股票 NVR 的最后更新日期为: 2025-04-16 00:00:00
2025-06-10 09:08:01,607 - __main__ - INFO - 将获取股票 NVR 从 2025-04-17 到 2025-06-10 的数据
2025-06-10 09:08:02,532 - __main__ - ERROR - 更新股票 NVR 数据时出错: Too Many Requests. Rate limited. Try after a while.
2025-06-10 09:08:02,565 - __main__ - INFO - 处理股票 NWS，最后更新时间: 2025-04-16 00:00:00
2025-06-10 09:08:02,565 - __main__ - INFO - 股票 NWS 的数据已更新 55 天 9 小时前
2025-06-10 09:08:02,565 - __main__ - INFO - 股票 NWS 的最后更新日期为: 2025-04-16 00:00:00
2025-06-10 09:08:02,566 - __main__ - INFO - 将获取股票 NWS 从 2025-04-17 到 2025-06-10 的数据
2025-06-10 09:08:03,367 - __main__ - ERROR - 更新股票 NWS 数据时出错: Too Many Requests. Rate limited. Try after a while.
2025-06-10 09:08:03,405 - __main__ - INFO - 处理股票 NWSA，最后更新时间: 2025-04-16 00:00:00
2025-06-10 09:08:03,405 - __main__ - INFO - 股票 NWSA 的数据已更新 55 天 9 小时前
2025-06-10 09:08:03,405 - __main__ - INFO - 股票 NWSA 的最后更新日期为: 2025-04-16 00:00:00
2025-06-10 09:08:03,405 - __main__ - INFO - 将获取股票 NWSA 从 2025-04-17 到 2025-06-10 的数据
2025-06-10 09:08:04,084 - __main__ - ERROR - 更新股票 NWSA 数据时出错: Too Many Requests. Rate limited. Try after a while.
2025-06-10 09:08:04,114 - __main__ - INFO - 处理股票 NXPI，最后更新时间: 2025-04-16 00:00:00
2025-06-10 09:08:04,114 - __main__ - INFO - 股票 NXPI 的数据已更新 55 天 9 小时前
2025-06-10 09:08:04,114 - __main__ - INFO - 股票 NXPI 的最后更新日期为: 2025-04-16 00:00:00
2025-06-10 09:08:04,114 - __main__ - INFO - 将获取股票 NXPI 从 2025-04-17 到 2025-06-10 的数据
2025-06-10 09:08:05,189 - __main__ - ERROR - 更新股票 NXPI 数据时出错: Too Many Requests. Rate limited. Try after a while.
2025-06-10 09:08:05,212 - __main__ - INFO - 处理股票 O，最后更新时间: 2025-04-16 00:00:00
2025-06-10 09:08:05,212 - __main__ - INFO - 股票 O 的数据已更新 55 天 9 小时前
2025-06-10 09:08:05,213 - __main__ - INFO - 股票 O 的最后更新日期为: 2025-04-16 00:00:00
2025-06-10 09:08:05,213 - __main__ - INFO - 将获取股票 O 从 2025-04-17 到 2025-06-10 的数据
2025-06-10 09:08:06,017 - __main__ - ERROR - 更新股票 O 数据时出错: Too Many Requests. Rate limited. Try after a while.
2025-06-10 09:08:06,056 - __main__ - INFO - 处理股票 ODFL，最后更新时间: 2025-04-16 00:00:00
2025-06-10 09:08:06,057 - __main__ - INFO - 股票 ODFL 的数据已更新 55 天 9 小时前
2025-06-10 09:08:06,057 - __main__ - INFO - 股票 ODFL 的最后更新日期为: 2025-04-16 00:00:00
2025-06-10 09:08:06,057 - __main__ - INFO - 将获取股票 ODFL 从 2025-04-17 到 2025-06-10 的数据
2025-06-10 09:08:06,986 - __main__ - ERROR - 更新股票 ODFL 数据时出错: Too Many Requests. Rate limited. Try after a while.
2025-06-10 09:08:07,009 - __main__ - INFO - 处理股票 OKE，最后更新时间: 2025-04-16 00:00:00
2025-06-10 09:08:07,009 - __main__ - INFO - 股票 OKE 的数据已更新 55 天 9 小时前
2025-06-10 09:08:07,009 - __main__ - INFO - 股票 OKE 的最后更新日期为: 2025-04-16 00:00:00
2025-06-10 09:08:07,009 - __main__ - INFO - 将获取股票 OKE 从 2025-04-17 到 2025-06-10 的数据
2025-06-10 09:08:07,730 - __main__ - ERROR - 更新股票 OKE 数据时出错: Too Many Requests. Rate limited. Try after a while.
2025-06-10 09:08:07,765 - __main__ - INFO - 处理股票 OMC，最后更新时间: 2025-04-16 00:00:00
2025-06-10 09:08:07,765 - __main__ - INFO - 股票 OMC 的数据已更新 55 天 9 小时前
2025-06-10 09:08:07,766 - __main__ - INFO - 股票 OMC 的最后更新日期为: 2025-04-16 00:00:00
2025-06-10 09:08:07,766 - __main__ - INFO - 将获取股票 OMC 从 2025-04-17 到 2025-06-10 的数据
2025-06-10 09:08:08,518 - __main__ - ERROR - 更新股票 OMC 数据时出错: Too Many Requests. Rate limited. Try after a while.
2025-06-10 09:08:08,566 - __main__ - INFO - 处理股票 ON，最后更新时间: 2025-04-16 00:00:00
2025-06-10 09:08:08,566 - __main__ - INFO - 股票 ON 的数据已更新 55 天 9 小时前
2025-06-10 09:08:08,566 - __main__ - INFO - 股票 ON 的最后更新日期为: 2025-04-16 00:00:00
2025-06-10 09:08:08,566 - __main__ - INFO - 将获取股票 ON 从 2025-04-17 到 2025-06-10 的数据
2025-06-10 09:08:09,856 - __main__ - ERROR - 更新股票 ON 数据时出错: Too Many Requests. Rate limited. Try after a while.
2025-06-10 09:08:09,941 - __main__ - INFO - 处理股票 ORCL，最后更新时间: 2025-04-16 00:00:00
2025-06-10 09:08:09,941 - __main__ - INFO - 股票 ORCL 的数据已更新 55 天 9 小时前
2025-06-10 09:08:09,941 - __main__ - INFO - 股票 ORCL 的最后更新日期为: 2025-04-16 00:00:00
2025-06-10 09:08:09,941 - __main__ - INFO - 将获取股票 ORCL 从 2025-04-17 到 2025-06-10 的数据
2025-06-10 09:08:12,148 - __main__ - ERROR - 更新股票 ORCL 数据时出错: Too Many Requests. Rate limited. Try after a while.
2025-06-10 09:08:12,192 - __main__ - INFO - 处理股票 ORLY，最后更新时间: 2025-04-16 00:00:00
2025-06-10 09:08:12,192 - __main__ - INFO - 股票 ORLY 的数据已更新 55 天 9 小时前
2025-06-10 09:08:12,192 - __main__ - INFO - 股票 ORLY 的最后更新日期为: 2025-04-16 00:00:00
2025-06-10 09:08:12,193 - __main__ - INFO - 将获取股票 ORLY 从 2025-04-17 到 2025-06-10 的数据
2025-06-10 09:08:12,965 - __main__ - ERROR - 更新股票 ORLY 数据时出错: Too Many Requests. Rate limited. Try after a while.
2025-06-10 09:08:13,014 - __main__ - INFO - 处理股票 OXY，最后更新时间: 2025-04-16 00:00:00
2025-06-10 09:08:13,014 - __main__ - INFO - 股票 OXY 的数据已更新 55 天 9 小时前
2025-06-10 09:08:13,015 - __main__ - INFO - 股票 OXY 的最后更新日期为: 2025-04-16 00:00:00
2025-06-10 09:08:13,015 - __main__ - INFO - 将获取股票 OXY 从 2025-04-17 到 2025-06-10 的数据
2025-06-10 09:08:13,820 - __main__ - ERROR - 更新股票 OXY 数据时出错: Too Many Requests. Rate limited. Try after a while.
2025-06-10 09:08:13,866 - __main__ - INFO - 处理股票 PANW，最后更新时间: 2025-04-16 00:00:00
2025-06-10 09:08:13,867 - __main__ - INFO - 股票 PANW 的数据已更新 55 天 9 小时前
2025-06-10 09:08:13,867 - __main__ - INFO - 股票 PANW 的最后更新日期为: 2025-04-16 00:00:00
2025-06-10 09:08:13,867 - __main__ - INFO - 将获取股票 PANW 从 2025-04-17 到 2025-06-10 的数据
2025-06-10 09:08:14,939 - __main__ - ERROR - 更新股票 PANW 数据时出错: Too Many Requests. Rate limited. Try after a while.
2025-06-10 09:08:14,990 - __main__ - INFO - 处理股票 PARA，最后更新时间: 2025-04-16 00:00:00
2025-06-10 09:08:14,991 - __main__ - INFO - 股票 PARA 的数据已更新 55 天 9 小时前
2025-06-10 09:08:14,991 - __main__ - INFO - 股票 PARA 的最后更新日期为: 2025-04-16 00:00:00
2025-06-10 09:08:14,991 - __main__ - INFO - 将获取股票 PARA 从 2025-04-17 到 2025-06-10 的数据
2025-06-10 09:08:15,812 - __main__ - ERROR - 更新股票 PARA 数据时出错: Too Many Requests. Rate limited. Try after a while.
2025-06-10 09:08:15,866 - __main__ - INFO - 处理股票 PAYC，最后更新时间: 2025-04-16 00:00:00
2025-06-10 09:08:15,866 - __main__ - INFO - 股票 PAYC 的数据已更新 55 天 9 小时前
2025-06-10 09:08:15,866 - __main__ - INFO - 股票 PAYC 的最后更新日期为: 2025-04-16 00:00:00
2025-06-10 09:08:15,866 - __main__ - INFO - 将获取股票 PAYC 从 2025-04-17 到 2025-06-10 的数据
2025-06-10 09:08:16,739 - __main__ - ERROR - 更新股票 PAYC 数据时出错: Too Many Requests. Rate limited. Try after a while.
2025-06-10 09:08:16,787 - __main__ - INFO - 处理股票 PAYX，最后更新时间: 2025-04-16 00:00:00
2025-06-10 09:08:16,787 - __main__ - INFO - 股票 PAYX 的数据已更新 55 天 9 小时前
2025-06-10 09:08:16,787 - __main__ - INFO - 股票 PAYX 的最后更新日期为: 2025-04-16 00:00:00
2025-06-10 09:08:16,788 - __main__ - INFO - 将获取股票 PAYX 从 2025-04-17 到 2025-06-10 的数据
2025-06-10 09:08:17,734 - __main__ - ERROR - 更新股票 PAYX 数据时出错: Too Many Requests. Rate limited. Try after a while.
2025-06-10 09:08:17,764 - __main__ - INFO - 处理股票 PCAR，最后更新时间: 2025-04-16 00:00:00
2025-06-10 09:08:17,764 - __main__ - INFO - 股票 PCAR 的数据已更新 55 天 9 小时前
2025-06-10 09:08:17,765 - __main__ - INFO - 股票 PCAR 的最后更新日期为: 2025-04-16 00:00:00
2025-06-10 09:08:17,765 - __main__ - INFO - 将获取股票 PCAR 从 2025-04-17 到 2025-06-10 的数据
2025-06-10 09:08:18,480 - __main__ - ERROR - 更新股票 PCAR 数据时出错: Too Many Requests. Rate limited. Try after a while.
2025-06-10 09:08:18,515 - __main__ - INFO - 处理股票 PCG，最后更新时间: 2025-04-16 00:00:00
2025-06-10 09:08:18,515 - __main__ - INFO - 股票 PCG 的数据已更新 55 天 9 小时前
2025-06-10 09:08:18,515 - __main__ - INFO - 股票 PCG 的最后更新日期为: 2025-04-16 00:00:00
2025-06-10 09:08:18,516 - __main__ - INFO - 将获取股票 PCG 从 2025-04-17 到 2025-06-10 的数据
2025-06-10 09:08:19,310 - __main__ - ERROR - 更新股票 PCG 数据时出错: Too Many Requests. Rate limited. Try after a while.
2025-06-10 09:08:19,359 - __main__ - INFO - 处理股票 PEG，最后更新时间: 2025-04-16 00:00:00
2025-06-10 09:08:19,359 - __main__ - INFO - 股票 PEG 的数据已更新 55 天 9 小时前
2025-06-10 09:08:19,360 - __main__ - INFO - 股票 PEG 的最后更新日期为: 2025-04-16 00:00:00
2025-06-10 09:08:19,360 - __main__ - INFO - 将获取股票 PEG 从 2025-04-17 到 2025-06-10 的数据
2025-06-10 09:08:20,113 - __main__ - ERROR - 更新股票 PEG 数据时出错: Too Many Requests. Rate limited. Try after a while.
2025-06-10 09:08:20,162 - __main__ - INFO - 处理股票 PEP，最后更新时间: 2025-04-16 00:00:00
2025-06-10 09:08:20,162 - __main__ - INFO - 股票 PEP 的数据已更新 55 天 9 小时前
2025-06-10 09:08:20,162 - __main__ - INFO - 股票 PEP 的最后更新日期为: 2025-04-16 00:00:00
2025-06-10 09:08:20,163 - __main__ - INFO - 将获取股票 PEP 从 2025-04-17 到 2025-06-10 的数据
2025-06-10 09:08:22,791 - __main__ - ERROR - 更新股票 PEP 数据时出错: Too Many Requests. Rate limited. Try after a while.
2025-06-10 09:08:22,834 - __main__ - INFO - 处理股票 PFE，最后更新时间: 2025-04-16 00:00:00
2025-06-10 09:08:22,834 - __main__ - INFO - 股票 PFE 的数据已更新 55 天 9 小时前
2025-06-10 09:08:22,835 - __main__ - INFO - 股票 PFE 的最后更新日期为: 2025-04-16 00:00:00
2025-06-10 09:08:22,835 - __main__ - INFO - 将获取股票 PFE 从 2025-04-17 到 2025-06-10 的数据
2025-06-10 09:08:23,523 - __main__ - ERROR - 更新股票 PFE 数据时出错: Too Many Requests. Rate limited. Try after a while.
2025-06-10 09:08:23,564 - __main__ - INFO - 处理股票 PFG，最后更新时间: 2025-04-16 00:00:00
2025-06-10 09:08:23,564 - __main__ - INFO - 股票 PFG 的数据已更新 55 天 9 小时前
2025-06-10 09:08:23,564 - __main__ - INFO - 股票 PFG 的最后更新日期为: 2025-04-16 00:00:00
2025-06-10 09:08:23,564 - __main__ - INFO - 将获取股票 PFG 从 2025-04-17 到 2025-06-10 的数据
2025-06-10 09:08:24,283 - __main__ - ERROR - 更新股票 PFG 数据时出错: Too Many Requests. Rate limited. Try after a while.
2025-06-10 09:08:24,314 - __main__ - INFO - 处理股票 PG，最后更新时间: 2025-04-16 00:00:00
2025-06-10 09:08:24,314 - __main__ - INFO - 股票 PG 的数据已更新 55 天 9 小时前
2025-06-10 09:08:24,314 - __main__ - INFO - 股票 PG 的最后更新日期为: 2025-04-16 00:00:00
2025-06-10 09:08:24,314 - __main__ - INFO - 将获取股票 PG 从 2025-04-17 到 2025-06-10 的数据
2025-06-10 09:08:25,022 - __main__ - ERROR - 更新股票 PG 数据时出错: Too Many Requests. Rate limited. Try after a while.
2025-06-10 09:08:25,063 - __main__ - INFO - 处理股票 PGR，最后更新时间: 2025-04-16 00:00:00
2025-06-10 09:08:25,063 - __main__ - INFO - 股票 PGR 的数据已更新 55 天 9 小时前
2025-06-10 09:08:25,063 - __main__ - INFO - 股票 PGR 的最后更新日期为: 2025-04-16 00:00:00
2025-06-10 09:08:25,063 - __main__ - INFO - 将获取股票 PGR 从 2025-04-17 到 2025-06-10 的数据
2025-06-10 09:08:25,875 - __main__ - ERROR - 更新股票 PGR 数据时出错: Too Many Requests. Rate limited. Try after a while.
2025-06-10 09:08:25,911 - __main__ - INFO - 处理股票 PH，最后更新时间: 2025-04-16 00:00:00
2025-06-10 09:08:25,911 - __main__ - INFO - 股票 PH 的数据已更新 55 天 9 小时前
2025-06-10 09:08:25,911 - __main__ - INFO - 股票 PH 的最后更新日期为: 2025-04-16 00:00:00
2025-06-10 09:08:25,911 - __main__ - INFO - 将获取股票 PH 从 2025-04-17 到 2025-06-10 的数据
2025-06-10 09:08:26,613 - __main__ - ERROR - 更新股票 PH 数据时出错: Too Many Requests. Rate limited. Try after a while.
2025-06-10 09:08:26,689 - __main__ - INFO - 处理股票 PHM，最后更新时间: 2025-04-16 00:00:00
2025-06-10 09:08:26,689 - __main__ - INFO - 股票 PHM 的数据已更新 55 天 9 小时前
2025-06-10 09:08:26,690 - __main__ - INFO - 股票 PHM 的最后更新日期为: 2025-04-16 00:00:00
2025-06-10 09:08:26,690 - __main__ - INFO - 将获取股票 PHM 从 2025-04-17 到 2025-06-10 的数据
2025-06-10 09:08:27,454 - __main__ - ERROR - 更新股票 PHM 数据时出错: Too Many Requests. Rate limited. Try after a while.
2025-06-10 09:08:27,508 - __main__ - INFO - 处理股票 PKG，最后更新时间: 2025-04-16 00:00:00
2025-06-10 09:08:27,509 - __main__ - INFO - 股票 PKG 的数据已更新 55 天 9 小时前
2025-06-10 09:08:27,509 - __main__ - INFO - 股票 PKG 的最后更新日期为: 2025-04-16 00:00:00
2025-06-10 09:08:27,509 - __main__ - INFO - 将获取股票 PKG 从 2025-04-17 到 2025-06-10 的数据
2025-06-10 09:08:28,205 - __main__ - ERROR - 更新股票 PKG 数据时出错: Too Many Requests. Rate limited. Try after a while.
2025-06-10 09:08:28,257 - __main__ - INFO - 处理股票 PLD，最后更新时间: 2025-04-16 00:00:00
2025-06-10 09:08:28,257 - __main__ - INFO - 股票 PLD 的数据已更新 55 天 9 小时前
2025-06-10 09:08:28,257 - __main__ - INFO - 股票 PLD 的最后更新日期为: 2025-04-16 00:00:00
2025-06-10 09:08:28,257 - __main__ - INFO - 将获取股票 PLD 从 2025-04-17 到 2025-06-10 的数据
2025-06-10 09:08:28,991 - __main__ - ERROR - 更新股票 PLD 数据时出错: Too Many Requests. Rate limited. Try after a while.
2025-06-10 09:08:29,038 - __main__ - INFO - 处理股票 PM，最后更新时间: 2025-04-16 00:00:00
2025-06-10 09:08:29,038 - __main__ - INFO - 股票 PM 的数据已更新 55 天 9 小时前
2025-06-10 09:08:29,038 - __main__ - INFO - 股票 PM 的最后更新日期为: 2025-04-16 00:00:00
2025-06-10 09:08:29,038 - __main__ - INFO - 将获取股票 PM 从 2025-04-17 到 2025-06-10 的数据
2025-06-10 09:08:29,864 - __main__ - ERROR - 更新股票 PM 数据时出错: Too Many Requests. Rate limited. Try after a while.
2025-06-10 09:08:29,912 - __main__ - INFO - 处理股票 PNC，最后更新时间: 2025-04-16 00:00:00
2025-06-10 09:08:29,913 - __main__ - INFO - 股票 PNC 的数据已更新 55 天 9 小时前
2025-06-10 09:08:29,913 - __main__ - INFO - 股票 PNC 的最后更新日期为: 2025-04-16 00:00:00
2025-06-10 09:08:29,913 - __main__ - INFO - 将获取股票 PNC 从 2025-04-17 到 2025-06-10 的数据
2025-06-10 09:08:30,651 - __main__ - ERROR - 更新股票 PNC 数据时出错: Too Many Requests. Rate limited. Try after a while.
2025-06-10 09:08:30,689 - __main__ - INFO - 处理股票 PNR，最后更新时间: 2025-04-16 00:00:00
2025-06-10 09:08:30,689 - __main__ - INFO - 股票 PNR 的数据已更新 55 天 9 小时前
2025-06-10 09:08:30,689 - __main__ - INFO - 股票 PNR 的最后更新日期为: 2025-04-16 00:00:00
2025-06-10 09:08:30,690 - __main__ - INFO - 将获取股票 PNR 从 2025-04-17 到 2025-06-10 的数据
2025-06-10 09:08:31,457 - __main__ - ERROR - 更新股票 PNR 数据时出错: Too Many Requests. Rate limited. Try after a while.
2025-06-10 09:08:31,505 - __main__ - INFO - 处理股票 PNW，最后更新时间: 2025-04-16 00:00:00
2025-06-10 09:08:31,505 - __main__ - INFO - 股票 PNW 的数据已更新 55 天 9 小时前
2025-06-10 09:08:31,506 - __main__ - INFO - 股票 PNW 的最后更新日期为: 2025-04-16 00:00:00
2025-06-10 09:08:31,506 - __main__ - INFO - 将获取股票 PNW 从 2025-04-17 到 2025-06-10 的数据
2025-06-10 09:08:32,194 - __main__ - ERROR - 更新股票 PNW 数据时出错: Too Many Requests. Rate limited. Try after a while.
2025-06-10 09:08:32,242 - __main__ - INFO - 处理股票 PODD，最后更新时间: 2025-04-16 00:00:00
2025-06-10 09:08:32,242 - __main__ - INFO - 股票 PODD 的数据已更新 55 天 9 小时前
2025-06-10 09:08:32,242 - __main__ - INFO - 股票 PODD 的最后更新日期为: 2025-04-16 00:00:00
2025-06-10 09:08:32,243 - __main__ - INFO - 将获取股票 PODD 从 2025-04-17 到 2025-06-10 的数据
2025-06-10 09:08:33,030 - __main__ - ERROR - 更新股票 PODD 数据时出错: Too Many Requests. Rate limited. Try after a while.
2025-06-10 09:08:33,054 - __main__ - INFO - 处理股票 POOL，最后更新时间: 2025-04-16 00:00:00
2025-06-10 09:08:33,054 - __main__ - INFO - 股票 POOL 的数据已更新 55 天 9 小时前
2025-06-10 09:08:33,054 - __main__ - INFO - 股票 POOL 的最后更新日期为: 2025-04-16 00:00:00
2025-06-10 09:08:33,054 - __main__ - INFO - 将获取股票 POOL 从 2025-04-17 到 2025-06-10 的数据
2025-06-10 09:08:34,002 - __main__ - ERROR - 更新股票 POOL 数据时出错: Too Many Requests. Rate limited. Try after a while.
2025-06-10 09:08:34,047 - __main__ - INFO - 处理股票 PPG，最后更新时间: 2025-04-16 00:00:00
2025-06-10 09:08:34,048 - __main__ - INFO - 股票 PPG 的数据已更新 55 天 9 小时前
2025-06-10 09:08:34,048 - __main__ - INFO - 股票 PPG 的最后更新日期为: 2025-04-16 00:00:00
2025-06-10 09:08:34,048 - __main__ - INFO - 将获取股票 PPG 从 2025-04-17 到 2025-06-10 的数据
2025-06-10 09:08:34,846 - __main__ - ERROR - 更新股票 PPG 数据时出错: Too Many Requests. Rate limited. Try after a while.
2025-06-10 09:08:34,892 - __main__ - INFO - 处理股票 PPL，最后更新时间: 2025-04-16 00:00:00
2025-06-10 09:08:34,892 - __main__ - INFO - 股票 PPL 的数据已更新 55 天 9 小时前
2025-06-10 09:08:34,893 - __main__ - INFO - 股票 PPL 的最后更新日期为: 2025-04-16 00:00:00
2025-06-10 09:08:34,893 - __main__ - INFO - 将获取股票 PPL 从 2025-04-17 到 2025-06-10 的数据
2025-06-10 09:08:35,579 - __main__ - ERROR - 更新股票 PPL 数据时出错: Too Many Requests. Rate limited. Try after a while.
2025-06-10 09:08:35,608 - __main__ - INFO - 处理股票 PRU，最后更新时间: 2025-04-16 00:00:00
2025-06-10 09:08:35,608 - __main__ - INFO - 股票 PRU 的数据已更新 55 天 9 小时前
2025-06-10 09:08:35,608 - __main__ - INFO - 股票 PRU 的最后更新日期为: 2025-04-16 00:00:00
2025-06-10 09:08:35,609 - __main__ - INFO - 将获取股票 PRU 从 2025-04-17 到 2025-06-10 的数据
2025-06-10 09:08:36,386 - __main__ - ERROR - 更新股票 PRU 数据时出错: Too Many Requests. Rate limited. Try after a while.
2025-06-10 09:08:36,409 - __main__ - INFO - 处理股票 PSA，最后更新时间: 2025-04-16 00:00:00
2025-06-10 09:08:36,409 - __main__ - INFO - 股票 PSA 的数据已更新 55 天 9 小时前
2025-06-10 09:08:36,409 - __main__ - INFO - 股票 PSA 的最后更新日期为: 2025-04-16 00:00:00
2025-06-10 09:08:36,409 - __main__ - INFO - 将获取股票 PSA 从 2025-04-17 到 2025-06-10 的数据
2025-06-10 09:08:37,111 - __main__ - ERROR - 更新股票 PSA 数据时出错: Too Many Requests. Rate limited. Try after a while.
2025-06-10 09:08:37,160 - __main__ - INFO - 处理股票 PSX，最后更新时间: 2025-04-16 00:00:00
2025-06-10 09:08:37,160 - __main__ - INFO - 股票 PSX 的数据已更新 55 天 9 小时前
2025-06-10 09:08:37,160 - __main__ - INFO - 股票 PSX 的最后更新日期为: 2025-04-16 00:00:00
2025-06-10 09:08:37,160 - __main__ - INFO - 将获取股票 PSX 从 2025-04-17 到 2025-06-10 的数据
2025-06-10 09:08:37,970 - __main__ - ERROR - 更新股票 PSX 数据时出错: Too Many Requests. Rate limited. Try after a while.
2025-06-10 09:08:38,013 - __main__ - INFO - 处理股票 PTC，最后更新时间: 2025-04-16 00:00:00
2025-06-10 09:08:38,013 - __main__ - INFO - 股票 PTC 的数据已更新 55 天 9 小时前
2025-06-10 09:08:38,013 - __main__ - INFO - 股票 PTC 的最后更新日期为: 2025-04-16 00:00:00
2025-06-10 09:08:38,013 - __main__ - INFO - 将获取股票 PTC 从 2025-04-17 到 2025-06-10 的数据
2025-06-10 09:08:38,699 - __main__ - ERROR - 更新股票 PTC 数据时出错: Too Many Requests. Rate limited. Try after a while.
2025-06-10 09:08:38,760 - __main__ - INFO - 处理股票 PWR，最后更新时间: 2025-04-16 00:00:00
2025-06-10 09:08:38,760 - __main__ - INFO - 股票 PWR 的数据已更新 55 天 9 小时前
2025-06-10 09:08:38,760 - __main__ - INFO - 股票 PWR 的最后更新日期为: 2025-04-16 00:00:00
2025-06-10 09:08:38,760 - __main__ - INFO - 将获取股票 PWR 从 2025-04-17 到 2025-06-10 的数据
2025-06-10 09:08:39,522 - __main__ - ERROR - 更新股票 PWR 数据时出错: Too Many Requests. Rate limited. Try after a while.
2025-06-10 09:08:39,563 - __main__ - INFO - 处理股票 QCOM，最后更新时间: 2025-04-16 00:00:00
2025-06-10 09:08:39,563 - __main__ - INFO - 股票 QCOM 的数据已更新 55 天 9 小时前
2025-06-10 09:08:39,563 - __main__ - INFO - 股票 QCOM 的最后更新日期为: 2025-04-16 00:00:00
2025-06-10 09:08:39,563 - __main__ - INFO - 将获取股票 QCOM 从 2025-04-17 到 2025-06-10 的数据
2025-06-10 09:08:40,326 - __main__ - ERROR - 更新股票 QCOM 数据时出错: Too Many Requests. Rate limited. Try after a while.
2025-06-10 09:08:40,364 - __main__ - INFO - 处理股票 QQQ，最后更新时间: 2025-04-16 00:00:00
2025-06-10 09:08:40,365 - __main__ - INFO - 股票 QQQ 的数据已更新 55 天 9 小时前
2025-06-10 09:08:40,365 - __main__ - INFO - 股票 QQQ 的最后更新日期为: 2025-04-16 00:00:00
2025-06-10 09:08:40,365 - __main__ - INFO - 将获取股票 QQQ 从 2025-04-17 到 2025-06-10 的数据
2025-06-10 09:08:41,074 - __main__ - ERROR - 更新股票 QQQ 数据时出错: Too Many Requests. Rate limited. Try after a while.
2025-06-10 09:08:41,114 - __main__ - INFO - 处理股票 QRVO，最后更新时间: 2025-04-16 00:00:00
2025-06-10 09:08:41,114 - __main__ - INFO - 股票 QRVO 的数据已更新 55 天 9 小时前
2025-06-10 09:08:41,114 - __main__ - INFO - 股票 QRVO 的最后更新日期为: 2025-04-16 00:00:00
2025-06-10 09:08:41,114 - __main__ - INFO - 将获取股票 QRVO 从 2025-04-17 到 2025-06-10 的数据
2025-06-10 09:08:41,795 - __main__ - ERROR - 更新股票 QRVO 数据时出错: Too Many Requests. Rate limited. Try after a while.
2025-06-10 09:08:41,840 - __main__ - INFO - 处理股票 RCL，最后更新时间: 2025-04-16 00:00:00
2025-06-10 09:08:41,840 - __main__ - INFO - 股票 RCL 的数据已更新 55 天 9 小时前
2025-06-10 09:08:41,840 - __main__ - INFO - 股票 RCL 的最后更新日期为: 2025-04-16 00:00:00
2025-06-10 09:08:41,840 - __main__ - INFO - 将获取股票 RCL 从 2025-04-17 到 2025-06-10 的数据
2025-06-10 09:08:42,589 - __main__ - ERROR - 更新股票 RCL 数据时出错: Too Many Requests. Rate limited. Try after a while.
2025-06-10 09:08:42,635 - __main__ - INFO - 处理股票 REG，最后更新时间: 2025-04-16 00:00:00
2025-06-10 09:08:42,635 - __main__ - INFO - 股票 REG 的数据已更新 55 天 9 小时前
2025-06-10 09:08:42,635 - __main__ - INFO - 股票 REG 的最后更新日期为: 2025-04-16 00:00:00
2025-06-10 09:08:42,636 - __main__ - INFO - 将获取股票 REG 从 2025-04-17 到 2025-06-10 的数据
2025-06-10 09:08:43,380 - __main__ - ERROR - 更新股票 REG 数据时出错: Too Many Requests. Rate limited. Try after a while.
2025-06-10 09:08:43,412 - __main__ - INFO - 处理股票 REGN，最后更新时间: 2025-04-16 00:00:00
2025-06-10 09:08:43,412 - __main__ - INFO - 股票 REGN 的数据已更新 55 天 9 小时前
2025-06-10 09:08:43,413 - __main__ - INFO - 股票 REGN 的最后更新日期为: 2025-04-16 00:00:00
2025-06-10 09:08:43,413 - __main__ - INFO - 将获取股票 REGN 从 2025-04-17 到 2025-06-10 的数据
2025-06-10 09:08:44,269 - __main__ - ERROR - 更新股票 REGN 数据时出错: Too Many Requests. Rate limited. Try after a while.
2025-06-10 09:08:44,312 - __main__ - INFO - 处理股票 RF，最后更新时间: 2025-04-16 00:00:00
2025-06-10 09:08:44,312 - __main__ - INFO - 股票 RF 的数据已更新 55 天 9 小时前
2025-06-10 09:08:44,312 - __main__ - INFO - 股票 RF 的最后更新日期为: 2025-04-16 00:00:00
2025-06-10 09:08:44,312 - __main__ - INFO - 将获取股票 RF 从 2025-04-17 到 2025-06-10 的数据
2025-06-10 09:08:44,972 - __main__ - ERROR - 更新股票 RF 数据时出错: Too Many Requests. Rate limited. Try after a while.
2025-06-10 09:08:45,013 - __main__ - INFO - 处理股票 RJF，最后更新时间: 2025-04-16 00:00:00
2025-06-10 09:08:45,014 - __main__ - INFO - 股票 RJF 的数据已更新 55 天 9 小时前
2025-06-10 09:08:45,014 - __main__ - INFO - 股票 RJF 的最后更新日期为: 2025-04-16 00:00:00
2025-06-10 09:08:45,014 - __main__ - INFO - 将获取股票 RJF 从 2025-04-17 到 2025-06-10 的数据
2025-06-10 09:08:45,684 - __main__ - ERROR - 更新股票 RJF 数据时出错: Too Many Requests. Rate limited. Try after a while.
2025-06-10 09:08:45,705 - __main__ - INFO - 处理股票 RL，最后更新时间: 2025-04-16 00:00:00
2025-06-10 09:08:45,706 - __main__ - INFO - 股票 RL 的数据已更新 55 天 9 小时前
2025-06-10 09:08:45,706 - __main__ - INFO - 股票 RL 的最后更新日期为: 2025-04-16 00:00:00
2025-06-10 09:08:45,706 - __main__ - INFO - 将获取股票 RL 从 2025-04-17 到 2025-06-10 的数据
2025-06-10 09:08:46,392 - __main__ - ERROR - 更新股票 RL 数据时出错: Too Many Requests. Rate limited. Try after a while.
2025-06-10 09:08:46,436 - __main__ - INFO - 处理股票 RMD，最后更新时间: 2025-04-16 00:00:00
2025-06-10 09:08:46,437 - __main__ - INFO - 股票 RMD 的数据已更新 55 天 9 小时前
2025-06-10 09:08:46,437 - __main__ - INFO - 股票 RMD 的最后更新日期为: 2025-04-16 00:00:00
2025-06-10 09:08:46,437 - __main__ - INFO - 将获取股票 RMD 从 2025-04-17 到 2025-06-10 的数据
2025-06-10 09:08:47,182 - __main__ - ERROR - 更新股票 RMD 数据时出错: Too Many Requests. Rate limited. Try after a while.
2025-06-10 09:08:47,209 - __main__ - INFO - 处理股票 ROK，最后更新时间: 2025-04-16 00:00:00
2025-06-10 09:08:47,209 - __main__ - INFO - 股票 ROK 的数据已更新 55 天 9 小时前
2025-06-10 09:08:47,209 - __main__ - INFO - 股票 ROK 的最后更新日期为: 2025-04-16 00:00:00
2025-06-10 09:08:47,210 - __main__ - INFO - 将获取股票 ROK 从 2025-04-17 到 2025-06-10 的数据
2025-06-10 09:08:48,012 - __main__ - ERROR - 更新股票 ROK 数据时出错: Too Many Requests. Rate limited. Try after a while.
2025-06-10 09:08:48,059 - __main__ - INFO - 处理股票 ROL，最后更新时间: 2025-04-16 00:00:00
2025-06-10 09:08:48,060 - __main__ - INFO - 股票 ROL 的数据已更新 55 天 9 小时前
2025-06-10 09:08:48,060 - __main__ - INFO - 股票 ROL 的最后更新日期为: 2025-04-16 00:00:00
2025-06-10 09:08:48,060 - __main__ - INFO - 将获取股票 ROL 从 2025-04-17 到 2025-06-10 的数据
2025-06-10 09:08:48,910 - __main__ - ERROR - 更新股票 ROL 数据时出错: Too Many Requests. Rate limited. Try after a while.
2025-06-10 09:08:48,957 - __main__ - INFO - 处理股票 ROP，最后更新时间: 2025-04-16 00:00:00
2025-06-10 09:08:48,958 - __main__ - INFO - 股票 ROP 的数据已更新 55 天 9 小时前
2025-06-10 09:08:48,958 - __main__ - INFO - 股票 ROP 的最后更新日期为: 2025-04-16 00:00:00
2025-06-10 09:08:48,958 - __main__ - INFO - 将获取股票 ROP 从 2025-04-17 到 2025-06-10 的数据
2025-06-10 09:08:49,778 - __main__ - ERROR - 更新股票 ROP 数据时出错: Too Many Requests. Rate limited. Try after a while.
2025-06-10 09:08:49,813 - __main__ - INFO - 处理股票 ROST，最后更新时间: 2025-04-16 00:00:00
2025-06-10 09:08:49,813 - __main__ - INFO - 股票 ROST 的数据已更新 55 天 9 小时前
2025-06-10 09:08:49,813 - __main__ - INFO - 股票 ROST 的最后更新日期为: 2025-04-16 00:00:00
2025-06-10 09:08:49,813 - __main__ - INFO - 将获取股票 ROST 从 2025-04-17 到 2025-06-10 的数据
2025-06-10 09:08:50,694 - __main__ - ERROR - 更新股票 ROST 数据时出错: Too Many Requests. Rate limited. Try after a while.
2025-06-10 09:08:50,714 - __main__ - INFO - 处理股票 RSG，最后更新时间: 2025-04-16 00:00:00
2025-06-10 09:08:50,714 - __main__ - INFO - 股票 RSG 的数据已更新 55 天 9 小时前
2025-06-10 09:08:50,714 - __main__ - INFO - 股票 RSG 的最后更新日期为: 2025-04-16 00:00:00
2025-06-10 09:08:50,714 - __main__ - INFO - 将获取股票 RSG 从 2025-04-17 到 2025-06-10 的数据
2025-06-10 09:08:51,401 - __main__ - ERROR - 更新股票 RSG 数据时出错: Too Many Requests. Rate limited. Try after a while.
2025-06-10 09:08:51,439 - __main__ - INFO - 处理股票 RSP，最后更新时间: 2025-04-16 00:00:00
2025-06-10 09:08:51,439 - __main__ - INFO - 股票 RSP 的数据已更新 55 天 9 小时前
2025-06-10 09:08:51,439 - __main__ - INFO - 股票 RSP 的最后更新日期为: 2025-04-16 00:00:00
2025-06-10 09:08:51,439 - __main__ - INFO - 将获取股票 RSP 从 2025-04-17 到 2025-06-10 的数据
2025-06-10 09:08:52,118 - __main__ - ERROR - 更新股票 RSP 数据时出错: Too Many Requests. Rate limited. Try after a while.
2025-06-10 09:08:52,164 - __main__ - INFO - 处理股票 RTX，最后更新时间: 2025-04-16 00:00:00
2025-06-10 09:08:52,164 - __main__ - INFO - 股票 RTX 的数据已更新 55 天 9 小时前
2025-06-10 09:08:52,164 - __main__ - INFO - 股票 RTX 的最后更新日期为: 2025-04-16 00:00:00
2025-06-10 09:08:52,164 - __main__ - INFO - 将获取股票 RTX 从 2025-04-17 到 2025-06-10 的数据
2025-06-10 09:08:52,868 - __main__ - ERROR - 更新股票 RTX 数据时出错: Too Many Requests. Rate limited. Try after a while.
2025-06-10 09:08:52,911 - __main__ - INFO - 处理股票 RVTY，最后更新时间: 2025-04-16 00:00:00
2025-06-10 09:08:52,911 - __main__ - INFO - 股票 RVTY 的数据已更新 55 天 9 小时前
2025-06-10 09:08:52,911 - __main__ - INFO - 股票 RVTY 的最后更新日期为: 2025-04-16 00:00:00
2025-06-10 09:08:52,911 - __main__ - INFO - 将获取股票 RVTY 从 2025-04-17 到 2025-06-10 的数据
2025-06-10 09:08:53,766 - __main__ - ERROR - 更新股票 RVTY 数据时出错: Too Many Requests. Rate limited. Try after a while.
2025-06-10 09:08:53,812 - __main__ - INFO - 处理股票 SBAC，最后更新时间: 2025-04-16 00:00:00
2025-06-10 09:08:53,812 - __main__ - INFO - 股票 SBAC 的数据已更新 55 天 9 小时前
2025-06-10 09:08:53,812 - __main__ - INFO - 股票 SBAC 的最后更新日期为: 2025-04-16 00:00:00
2025-06-10 09:08:53,812 - __main__ - INFO - 将获取股票 SBAC 从 2025-04-17 到 2025-06-10 的数据
2025-06-10 09:08:54,499 - __main__ - ERROR - 更新股票 SBAC 数据时出错: Too Many Requests. Rate limited. Try after a while.
2025-06-10 09:08:54,547 - __main__ - INFO - 处理股票 SBUX，最后更新时间: 2025-04-16 00:00:00
2025-06-10 09:08:54,547 - __main__ - INFO - 股票 SBUX 的数据已更新 55 天 9 小时前
2025-06-10 09:08:54,548 - __main__ - INFO - 股票 SBUX 的最后更新日期为: 2025-04-16 00:00:00
2025-06-10 09:08:54,548 - __main__ - INFO - 将获取股票 SBUX 从 2025-04-17 到 2025-06-10 的数据
2025-06-10 09:08:55,184 - __main__ - ERROR - 更新股票 SBUX 数据时出错: Too Many Requests. Rate limited. Try after a while.
2025-06-10 09:08:55,206 - __main__ - INFO - 处理股票 SCHG，最后更新时间: 2025-04-16 00:00:00
2025-06-10 09:08:55,206 - __main__ - INFO - 股票 SCHG 的数据已更新 55 天 9 小时前
2025-06-10 09:08:55,207 - __main__ - INFO - 股票 SCHG 的最后更新日期为: 2025-04-16 00:00:00
2025-06-10 09:08:55,207 - __main__ - INFO - 将获取股票 SCHG 从 2025-04-17 到 2025-06-10 的数据
2025-06-10 09:08:55,981 - __main__ - ERROR - 更新股票 SCHG 数据时出错: Too Many Requests. Rate limited. Try after a while.
2025-06-10 09:08:56,011 - __main__ - INFO - 处理股票 SCHW，最后更新时间: 2025-04-16 00:00:00
2025-06-10 09:08:56,011 - __main__ - INFO - 股票 SCHW 的数据已更新 55 天 9 小时前
2025-06-10 09:08:56,011 - __main__ - INFO - 股票 SCHW 的最后更新日期为: 2025-04-16 00:00:00
2025-06-10 09:08:56,011 - __main__ - INFO - 将获取股票 SCHW 从 2025-04-17 到 2025-06-10 的数据
2025-06-10 09:08:56,709 - __main__ - ERROR - 更新股票 SCHW 数据时出错: Too Many Requests. Rate limited. Try after a while.
2025-06-10 09:08:56,757 - __main__ - INFO - 处理股票 SHW，最后更新时间: 2025-04-16 00:00:00
2025-06-10 09:08:56,757 - __main__ - INFO - 股票 SHW 的数据已更新 55 天 9 小时前
2025-06-10 09:08:56,757 - __main__ - INFO - 股票 SHW 的最后更新日期为: 2025-04-16 00:00:00
2025-06-10 09:08:56,757 - __main__ - INFO - 将获取股票 SHW 从 2025-04-17 到 2025-06-10 的数据
2025-06-10 09:08:57,417 - __main__ - ERROR - 更新股票 SHW 数据时出错: Too Many Requests. Rate limited. Try after a while.
2025-06-10 09:08:57,462 - __main__ - INFO - 处理股票 SJM，最后更新时间: 2025-04-16 00:00:00
2025-06-10 09:08:57,462 - __main__ - INFO - 股票 SJM 的数据已更新 55 天 9 小时前
2025-06-10 09:08:57,462 - __main__ - INFO - 股票 SJM 的最后更新日期为: 2025-04-16 00:00:00
2025-06-10 09:08:57,463 - __main__ - INFO - 将获取股票 SJM 从 2025-04-17 到 2025-06-10 的数据
2025-06-10 09:08:58,324 - __main__ - ERROR - 更新股票 SJM 数据时出错: Too Many Requests. Rate limited. Try after a while.
2025-06-10 09:08:58,363 - __main__ - INFO - 处理股票 SLB，最后更新时间: 2025-04-16 00:00:00
2025-06-10 09:08:58,364 - __main__ - INFO - 股票 SLB 的数据已更新 55 天 9 小时前
2025-06-10 09:08:58,364 - __main__ - INFO - 股票 SLB 的最后更新日期为: 2025-04-16 00:00:00
2025-06-10 09:08:58,364 - __main__ - INFO - 将获取股票 SLB 从 2025-04-17 到 2025-06-10 的数据
2025-06-10 09:08:59,193 - __main__ - ERROR - 更新股票 SLB 数据时出错: Too Many Requests. Rate limited. Try after a while.
2025-06-10 09:08:59,241 - __main__ - INFO - 处理股票 SMCI，最后更新时间: 2025-04-16 00:00:00
2025-06-10 09:08:59,241 - __main__ - INFO - 股票 SMCI 的数据已更新 55 天 9 小时前
2025-06-10 09:08:59,241 - __main__ - INFO - 股票 SMCI 的最后更新日期为: 2025-04-16 00:00:00
2025-06-10 09:08:59,241 - __main__ - INFO - 将获取股票 SMCI 从 2025-04-17 到 2025-06-10 的数据
2025-06-10 09:09:00,078 - __main__ - ERROR - 更新股票 SMCI 数据时出错: Too Many Requests. Rate limited. Try after a while.
2025-06-10 09:09:00,105 - __main__ - INFO - 处理股票 SNA，最后更新时间: 2025-04-16 00:00:00
2025-06-10 09:09:00,105 - __main__ - INFO - 股票 SNA 的数据已更新 55 天 9 小时前
2025-06-10 09:09:00,105 - __main__ - INFO - 股票 SNA 的最后更新日期为: 2025-04-16 00:00:00
2025-06-10 09:09:00,105 - __main__ - INFO - 将获取股票 SNA 从 2025-04-17 到 2025-06-10 的数据
2025-06-10 09:09:00,775 - __main__ - ERROR - 更新股票 SNA 数据时出错: Too Many Requests. Rate limited. Try after a while.
2025-06-10 09:09:01,064 - __main__ - INFO - 处理股票 SNPS，最后更新时间: 2025-04-16 00:00:00
2025-06-10 09:09:01,064 - __main__ - INFO - 股票 SNPS 的数据已更新 55 天 9 小时前
2025-06-10 09:09:01,064 - __main__ - INFO - 股票 SNPS 的最后更新日期为: 2025-04-16 00:00:00
2025-06-10 09:09:01,065 - __main__ - INFO - 将获取股票 SNPS 从 2025-04-17 到 2025-06-10 的数据
2025-06-10 09:09:01,800 - __main__ - ERROR - 更新股票 SNPS 数据时出错: Too Many Requests. Rate limited. Try after a while.
2025-06-10 09:09:01,836 - __main__ - INFO - 处理股票 SO，最后更新时间: 2025-04-16 00:00:00
2025-06-10 09:09:01,836 - __main__ - INFO - 股票 SO 的数据已更新 55 天 9 小时前
2025-06-10 09:09:01,836 - __main__ - INFO - 股票 SO 的最后更新日期为: 2025-04-16 00:00:00
2025-06-10 09:09:01,836 - __main__ - INFO - 将获取股票 SO 从 2025-04-17 到 2025-06-10 的数据
2025-06-10 09:09:02,638 - __main__ - ERROR - 更新股票 SO 数据时出错: Too Many Requests. Rate limited. Try after a while.
2025-06-10 09:09:02,689 - __main__ - INFO - 处理股票 SOXL，最后更新时间: 2025-04-16 00:00:00
2025-06-10 09:09:02,689 - __main__ - INFO - 股票 SOXL 的数据已更新 55 天 9 小时前
2025-06-10 09:09:02,689 - __main__ - INFO - 股票 SOXL 的最后更新日期为: 2025-04-16 00:00:00
2025-06-10 09:09:02,689 - __main__ - INFO - 将获取股票 SOXL 从 2025-04-17 到 2025-06-10 的数据
2025-06-10 09:09:03,541 - __main__ - ERROR - 更新股票 SOXL 数据时出错: Too Many Requests. Rate limited. Try after a while.
2025-06-10 09:09:03,562 - __main__ - INFO - 处理股票 SOXX，最后更新时间: 2025-04-16 00:00:00
2025-06-10 09:09:03,562 - __main__ - INFO - 股票 SOXX 的数据已更新 55 天 9 小时前
2025-06-10 09:09:03,562 - __main__ - INFO - 股票 SOXX 的最后更新日期为: 2025-04-16 00:00:00
2025-06-10 09:09:03,562 - __main__ - INFO - 将获取股票 SOXX 从 2025-04-17 到 2025-06-10 的数据
2025-06-10 09:09:04,403 - __main__ - ERROR - 更新股票 SOXX 数据时出错: Too Many Requests. Rate limited. Try after a while.
2025-06-10 09:09:04,450 - __main__ - INFO - 处理股票 SPG，最后更新时间: 2025-04-16 00:00:00
2025-06-10 09:09:04,451 - __main__ - INFO - 股票 SPG 的数据已更新 55 天 9 小时前
2025-06-10 09:09:04,451 - __main__ - INFO - 股票 SPG 的最后更新日期为: 2025-04-16 00:00:00
2025-06-10 09:09:04,451 - __main__ - INFO - 将获取股票 SPG 从 2025-04-17 到 2025-06-10 的数据
2025-06-10 09:09:05,248 - __main__ - ERROR - 更新股票 SPG 数据时出错: Too Many Requests. Rate limited. Try after a while.
2025-06-10 09:09:05,286 - __main__ - INFO - 处理股票 SPGI，最后更新时间: 2025-04-16 00:00:00
2025-06-10 09:09:05,287 - __main__ - INFO - 股票 SPGI 的数据已更新 55 天 9 小时前
2025-06-10 09:09:05,287 - __main__ - INFO - 股票 SPGI 的最后更新日期为: 2025-04-16 00:00:00
2025-06-10 09:09:05,287 - __main__ - INFO - 将获取股票 SPGI 从 2025-04-17 到 2025-06-10 的数据
2025-06-10 09:09:05,986 - __main__ - ERROR - 更新股票 SPGI 数据时出错: Too Many Requests. Rate limited. Try after a while.
2025-06-10 09:09:06,014 - __main__ - INFO - 处理股票 SPLG，最后更新时间: 2025-04-16 00:00:00
2025-06-10 09:09:06,014 - __main__ - INFO - 股票 SPLG 的数据已更新 55 天 9 小时前
2025-06-10 09:09:06,014 - __main__ - INFO - 股票 SPLG 的最后更新日期为: 2025-04-16 00:00:00
2025-06-10 09:09:06,014 - __main__ - INFO - 将获取股票 SPLG 从 2025-04-17 到 2025-06-10 的数据
2025-06-10 09:09:06,698 - __main__ - ERROR - 更新股票 SPLG 数据时出错: Too Many Requests. Rate limited. Try after a while.
2025-06-10 09:09:06,733 - __main__ - INFO - 处理股票 SPY，最后更新时间: 2025-04-16 00:00:00
2025-06-10 09:09:06,734 - __main__ - INFO - 股票 SPY 的数据已更新 55 天 9 小时前
2025-06-10 09:09:06,734 - __main__ - INFO - 股票 SPY 的最后更新日期为: 2025-04-16 00:00:00
2025-06-10 09:09:06,734 - __main__ - INFO - 将获取股票 SPY 从 2025-04-17 到 2025-06-10 的数据
2025-06-10 09:09:07,487 - __main__ - ERROR - 更新股票 SPY 数据时出错: Too Many Requests. Rate limited. Try after a while.
2025-06-10 09:09:07,542 - __main__ - INFO - 处理股票 SQQQ，最后更新时间: 2025-04-16 00:00:00
2025-06-10 09:09:07,542 - __main__ - INFO - 股票 SQQQ 的数据已更新 55 天 9 小时前
2025-06-10 09:09:07,542 - __main__ - INFO - 股票 SQQQ 的最后更新日期为: 2025-04-16 00:00:00
2025-06-10 09:09:07,542 - __main__ - INFO - 将获取股票 SQQQ 从 2025-04-17 到 2025-06-10 的数据
2025-06-10 09:09:08,237 - __main__ - ERROR - 更新股票 SQQQ 数据时出错: Too Many Requests. Rate limited. Try after a while.
2025-06-10 09:09:08,266 - __main__ - INFO - 处理股票 SRE，最后更新时间: 2025-04-16 00:00:00
2025-06-10 09:09:08,266 - __main__ - INFO - 股票 SRE 的数据已更新 55 天 9 小时前
2025-06-10 09:09:08,266 - __main__ - INFO - 股票 SRE 的最后更新日期为: 2025-04-16 00:00:00
2025-06-10 09:09:08,266 - __main__ - INFO - 将获取股票 SRE 从 2025-04-17 到 2025-06-10 的数据
2025-06-10 09:09:09,407 - __main__ - ERROR - 更新股票 SRE 数据时出错: Too Many Requests. Rate limited. Try after a while.
2025-06-10 09:09:09,455 - __main__ - INFO - 处理股票 STE，最后更新时间: 2025-04-16 00:00:00
2025-06-10 09:09:09,455 - __main__ - INFO - 股票 STE 的数据已更新 55 天 9 小时前
2025-06-10 09:09:09,455 - __main__ - INFO - 股票 STE 的最后更新日期为: 2025-04-16 00:00:00
2025-06-10 09:09:09,455 - __main__ - INFO - 将获取股票 STE 从 2025-04-17 到 2025-06-10 的数据
2025-06-10 09:09:11,890 - __main__ - ERROR - 更新股票 STE 数据时出错: Too Many Requests. Rate limited. Try after a while.
2025-06-10 09:09:11,916 - __main__ - INFO - 处理股票 STLD，最后更新时间: 2025-04-16 00:00:00
2025-06-10 09:09:11,916 - __main__ - INFO - 股票 STLD 的数据已更新 55 天 9 小时前
2025-06-10 09:09:11,916 - __main__ - INFO - 股票 STLD 的最后更新日期为: 2025-04-16 00:00:00
2025-06-10 09:09:11,916 - __main__ - INFO - 将获取股票 STLD 从 2025-04-17 到 2025-06-10 的数据
2025-06-10 09:09:12,661 - __main__ - ERROR - 更新股票 STLD 数据时出错: Too Many Requests. Rate limited. Try after a while.
2025-06-10 09:09:12,710 - __main__ - INFO - 处理股票 STT，最后更新时间: 2025-04-16 00:00:00
2025-06-10 09:09:12,710 - __main__ - INFO - 股票 STT 的数据已更新 55 天 9 小时前
2025-06-10 09:09:12,710 - __main__ - INFO - 股票 STT 的最后更新日期为: 2025-04-16 00:00:00
2025-06-10 09:09:12,710 - __main__ - INFO - 将获取股票 STT 从 2025-04-17 到 2025-06-10 的数据
2025-06-10 09:09:13,560 - __main__ - ERROR - 更新股票 STT 数据时出错: Too Many Requests. Rate limited. Try after a while.
2025-06-10 09:09:13,607 - __main__ - INFO - 处理股票 STX，最后更新时间: 2025-04-16 00:00:00
2025-06-10 09:09:13,607 - __main__ - INFO - 股票 STX 的数据已更新 55 天 9 小时前
2025-06-10 09:09:13,607 - __main__ - INFO - 股票 STX 的最后更新日期为: 2025-04-16 00:00:00
2025-06-10 09:09:13,608 - __main__ - INFO - 将获取股票 STX 从 2025-04-17 到 2025-06-10 的数据
2025-06-10 09:09:13,979 - __main__ - ERROR - 更新股票 STX 数据时出错: Too Many Requests. Rate limited. Try after a while.
2025-06-10 09:09:14,015 - __main__ - INFO - 处理股票 STZ，最后更新时间: 2025-04-16 00:00:00
2025-06-10 09:09:14,015 - __main__ - INFO - 股票 STZ 的数据已更新 55 天 9 小时前
2025-06-10 09:09:14,015 - __main__ - INFO - 股票 STZ 的最后更新日期为: 2025-04-16 00:00:00
2025-06-10 09:09:14,015 - __main__ - INFO - 将获取股票 STZ 从 2025-04-17 到 2025-06-10 的数据
2025-06-10 09:09:14,312 - __main__ - ERROR - 更新股票 STZ 数据时出错: Too Many Requests. Rate limited. Try after a while.
2025-06-10 09:09:14,360 - __main__ - INFO - 处理股票 SWK，最后更新时间: 2025-04-16 00:00:00
2025-06-10 09:09:14,361 - __main__ - INFO - 股票 SWK 的数据已更新 55 天 9 小时前
2025-06-10 09:09:14,361 - __main__ - INFO - 股票 SWK 的最后更新日期为: 2025-04-16 00:00:00
2025-06-10 09:09:14,361 - __main__ - INFO - 将获取股票 SWK 从 2025-04-17 到 2025-06-10 的数据
2025-06-10 09:09:14,743 - __main__ - ERROR - 更新股票 SWK 数据时出错: Too Many Requests. Rate limited. Try after a while.
2025-06-10 09:09:14,790 - __main__ - INFO - 处理股票 SWKS，最后更新时间: 2025-04-16 00:00:00
2025-06-10 09:09:14,790 - __main__ - INFO - 股票 SWKS 的数据已更新 55 天 9 小时前
2025-06-10 09:09:14,791 - __main__ - INFO - 股票 SWKS 的最后更新日期为: 2025-04-16 00:00:00
2025-06-10 09:09:14,791 - __main__ - INFO - 将获取股票 SWKS 从 2025-04-17 到 2025-06-10 的数据
2025-06-10 09:09:15,193 - __main__ - ERROR - 更新股票 SWKS 数据时出错: Too Many Requests. Rate limited. Try after a while.
2025-06-10 09:09:15,241 - __main__ - INFO - 处理股票 SYF，最后更新时间: 2025-04-16 00:00:00
2025-06-10 09:09:15,242 - __main__ - INFO - 股票 SYF 的数据已更新 55 天 9 小时前
2025-06-10 09:09:15,242 - __main__ - INFO - 股票 SYF 的最后更新日期为: 2025-04-16 00:00:00
2025-06-10 09:09:15,242 - __main__ - INFO - 将获取股票 SYF 从 2025-04-17 到 2025-06-10 的数据
2025-06-10 09:09:15,633 - __main__ - ERROR - 更新股票 SYF 数据时出错: Too Many Requests. Rate limited. Try after a while.
2025-06-10 09:09:15,670 - __main__ - INFO - 处理股票 SYK，最后更新时间: 2025-04-16 00:00:00
2025-06-10 09:09:15,670 - __main__ - INFO - 股票 SYK 的数据已更新 55 天 9 小时前
2025-06-10 09:09:15,670 - __main__ - INFO - 股票 SYK 的最后更新日期为: 2025-04-16 00:00:00
2025-06-10 09:09:15,670 - __main__ - INFO - 将获取股票 SYK 从 2025-04-17 到 2025-06-10 的数据
2025-06-10 09:09:16,039 - __main__ - ERROR - 更新股票 SYK 数据时出错: Too Many Requests. Rate limited. Try after a while.
2025-06-10 09:09:16,069 - __main__ - INFO - 处理股票 SYY，最后更新时间: 2025-04-16 00:00:00
2025-06-10 09:09:16,069 - __main__ - INFO - 股票 SYY 的数据已更新 55 天 9 小时前
2025-06-10 09:09:16,069 - __main__ - INFO - 股票 SYY 的最后更新日期为: 2025-04-16 00:00:00
2025-06-10 09:09:16,069 - __main__ - INFO - 将获取股票 SYY 从 2025-04-17 到 2025-06-10 的数据
2025-06-10 09:09:16,434 - __main__ - ERROR - 更新股票 SYY 数据时出错: Too Many Requests. Rate limited. Try after a while.
2025-06-10 09:09:16,467 - __main__ - INFO - 处理股票 T，最后更新时间: 2025-04-16 00:00:00
2025-06-10 09:09:16,467 - __main__ - INFO - 股票 T 的数据已更新 55 天 9 小时前
2025-06-10 09:09:16,467 - __main__ - INFO - 股票 T 的最后更新日期为: 2025-04-16 00:00:00
2025-06-10 09:09:16,468 - __main__ - INFO - 将获取股票 T 从 2025-04-17 到 2025-06-10 的数据
2025-06-10 09:09:16,868 - __main__ - ERROR - 更新股票 T 数据时出错: Too Many Requests. Rate limited. Try after a while.
2025-06-10 09:09:16,913 - __main__ - INFO - 处理股票 TAP，最后更新时间: 2025-04-16 00:00:00
2025-06-10 09:09:16,913 - __main__ - INFO - 股票 TAP 的数据已更新 55 天 9 小时前
2025-06-10 09:09:16,913 - __main__ - INFO - 股票 TAP 的最后更新日期为: 2025-04-16 00:00:00
2025-06-10 09:09:16,914 - __main__ - INFO - 将获取股票 TAP 从 2025-04-17 到 2025-06-10 的数据
2025-06-10 09:09:17,336 - __main__ - ERROR - 更新股票 TAP 数据时出错: Too Many Requests. Rate limited. Try after a while.
2025-06-10 09:09:17,367 - __main__ - INFO - 处理股票 TDG，最后更新时间: 2025-04-16 00:00:00
2025-06-10 09:09:17,367 - __main__ - INFO - 股票 TDG 的数据已更新 55 天 9 小时前
2025-06-10 09:09:17,367 - __main__ - INFO - 股票 TDG 的最后更新日期为: 2025-04-16 00:00:00
2025-06-10 09:09:17,368 - __main__ - INFO - 将获取股票 TDG 从 2025-04-17 到 2025-06-10 的数据
2025-06-10 09:09:17,776 - __main__ - ERROR - 更新股票 TDG 数据时出错: Too Many Requests. Rate limited. Try after a while.
2025-06-10 09:09:17,818 - __main__ - INFO - 处理股票 TDY，最后更新时间: 2025-04-16 00:00:00
2025-06-10 09:09:17,818 - __main__ - INFO - 股票 TDY 的数据已更新 55 天 9 小时前
2025-06-10 09:09:17,818 - __main__ - INFO - 股票 TDY 的最后更新日期为: 2025-04-16 00:00:00
2025-06-10 09:09:17,818 - __main__ - INFO - 将获取股票 TDY 从 2025-04-17 到 2025-06-10 的数据
2025-06-10 09:09:18,223 - __main__ - ERROR - 更新股票 TDY 数据时出错: Too Many Requests. Rate limited. Try after a while.
2025-06-10 09:09:18,304 - __main__ - INFO - 处理股票 TECH，最后更新时间: 2025-04-16 00:00:00
2025-06-10 09:09:18,304 - __main__ - INFO - 股票 TECH 的数据已更新 55 天 9 小时前
2025-06-10 09:09:18,304 - __main__ - INFO - 股票 TECH 的最后更新日期为: 2025-04-16 00:00:00
2025-06-10 09:09:18,304 - __main__ - INFO - 将获取股票 TECH 从 2025-04-17 到 2025-06-10 的数据
2025-06-10 09:09:19,316 - __main__ - ERROR - 更新股票 TECH 数据时出错: Too Many Requests. Rate limited. Try after a while.
2025-06-10 09:09:19,363 - __main__ - INFO - 处理股票 TEL，最后更新时间: 2025-04-16 00:00:00
2025-06-10 09:09:19,363 - __main__ - INFO - 股票 TEL 的数据已更新 55 天 9 小时前
2025-06-10 09:09:19,363 - __main__ - INFO - 股票 TEL 的最后更新日期为: 2025-04-16 00:00:00
2025-06-10 09:09:19,363 - __main__ - INFO - 将获取股票 TEL 从 2025-04-17 到 2025-06-10 的数据
2025-06-10 09:09:20,014 - __main__ - ERROR - 更新股票 TEL 数据时出错: Too Many Requests. Rate limited. Try after a while.
2025-06-10 09:09:20,059 - __main__ - INFO - 处理股票 TER，最后更新时间: 2025-04-16 00:00:00
2025-06-10 09:09:20,060 - __main__ - INFO - 股票 TER 的数据已更新 55 天 9 小时前
2025-06-10 09:09:20,060 - __main__ - INFO - 股票 TER 的最后更新日期为: 2025-04-16 00:00:00
2025-06-10 09:09:20,060 - __main__ - INFO - 将获取股票 TER 从 2025-04-17 到 2025-06-10 的数据
2025-06-10 09:09:20,858 - __main__ - ERROR - 更新股票 TER 数据时出错: Too Many Requests. Rate limited. Try after a while.
2025-06-10 09:09:20,905 - __main__ - INFO - 处理股票 TFC，最后更新时间: 2025-04-16 00:00:00
2025-06-10 09:09:20,905 - __main__ - INFO - 股票 TFC 的数据已更新 55 天 9 小时前
2025-06-10 09:09:20,905 - __main__ - INFO - 股票 TFC 的最后更新日期为: 2025-04-16 00:00:00
2025-06-10 09:09:20,905 - __main__ - INFO - 将获取股票 TFC 从 2025-04-17 到 2025-06-10 的数据
2025-06-10 09:09:21,622 - __main__ - ERROR - 更新股票 TFC 数据时出错: Too Many Requests. Rate limited. Try after a while.
2025-06-10 09:09:21,657 - __main__ - INFO - 处理股票 TFX，最后更新时间: 2025-04-16 00:00:00
2025-06-10 09:09:21,658 - __main__ - INFO - 股票 TFX 的数据已更新 55 天 9 小时前
2025-06-10 09:09:21,658 - __main__ - INFO - 股票 TFX 的最后更新日期为: 2025-04-16 00:00:00
2025-06-10 09:09:21,658 - __main__ - INFO - 将获取股票 TFX 从 2025-04-17 到 2025-06-10 的数据
2025-06-10 09:09:22,574 - __main__ - ERROR - 更新股票 TFX 数据时出错: Too Many Requests. Rate limited. Try after a while.
2025-06-10 09:09:22,616 - __main__ - INFO - 处理股票 TGT，最后更新时间: 2025-04-16 00:00:00
2025-06-10 09:09:22,616 - __main__ - INFO - 股票 TGT 的数据已更新 55 天 9 小时前
2025-06-10 09:09:22,616 - __main__ - INFO - 股票 TGT 的最后更新日期为: 2025-04-16 00:00:00
2025-06-10 09:09:22,616 - __main__ - INFO - 将获取股票 TGT 从 2025-04-17 到 2025-06-10 的数据
2025-06-10 09:09:23,361 - __main__ - ERROR - 更新股票 TGT 数据时出错: Too Many Requests. Rate limited. Try after a while.
2025-06-10 09:09:23,397 - __main__ - INFO - 处理股票 TJX，最后更新时间: 2025-04-16 00:00:00
2025-06-10 09:09:23,397 - __main__ - INFO - 股票 TJX 的数据已更新 55 天 9 小时前
2025-06-10 09:09:23,397 - __main__ - INFO - 股票 TJX 的最后更新日期为: 2025-04-16 00:00:00
2025-06-10 09:09:23,397 - __main__ - INFO - 将获取股票 TJX 从 2025-04-17 到 2025-06-10 的数据
2025-06-10 09:09:24,082 - __main__ - ERROR - 更新股票 TJX 数据时出错: Too Many Requests. Rate limited. Try after a while.
2025-06-10 09:09:24,108 - __main__ - INFO - 处理股票 TLT，最后更新时间: 2025-04-16 00:00:00
2025-06-10 09:09:24,108 - __main__ - INFO - 股票 TLT 的数据已更新 55 天 9 小时前
2025-06-10 09:09:24,108 - __main__ - INFO - 股票 TLT 的最后更新日期为: 2025-04-16 00:00:00
2025-06-10 09:09:24,108 - __main__ - INFO - 将获取股票 TLT 从 2025-04-17 到 2025-06-10 的数据
2025-06-10 09:09:24,823 - __main__ - ERROR - 更新股票 TLT 数据时出错: Too Many Requests. Rate limited. Try after a while.
2025-06-10 09:09:24,869 - __main__ - INFO - 处理股票 TMF，最后更新时间: 2025-04-16 00:00:00
2025-06-10 09:09:24,869 - __main__ - INFO - 股票 TMF 的数据已更新 55 天 9 小时前
2025-06-10 09:09:24,869 - __main__ - INFO - 股票 TMF 的最后更新日期为: 2025-04-16 00:00:00
2025-06-10 09:09:24,869 - __main__ - INFO - 将获取股票 TMF 从 2025-04-17 到 2025-06-10 的数据
2025-06-10 09:09:25,681 - __main__ - ERROR - 更新股票 TMF 数据时出错: Too Many Requests. Rate limited. Try after a while.
2025-06-10 09:09:25,712 - __main__ - INFO - 处理股票 TMO，最后更新时间: 2025-04-16 00:00:00
2025-06-10 09:09:25,712 - __main__ - INFO - 股票 TMO 的数据已更新 55 天 9 小时前
2025-06-10 09:09:25,713 - __main__ - INFO - 股票 TMO 的最后更新日期为: 2025-04-16 00:00:00
2025-06-10 09:09:25,713 - __main__ - INFO - 将获取股票 TMO 从 2025-04-17 到 2025-06-10 的数据
2025-06-10 09:09:28,514 - __main__ - ERROR - 更新股票 TMO 数据时出错: Too Many Requests. Rate limited. Try after a while.
2025-06-10 09:09:28,559 - __main__ - INFO - 处理股票 TMUS，最后更新时间: 2025-04-16 00:00:00
2025-06-10 09:09:28,560 - __main__ - INFO - 股票 TMUS 的数据已更新 55 天 9 小时前
2025-06-10 09:09:28,560 - __main__ - INFO - 股票 TMUS 的最后更新日期为: 2025-04-16 00:00:00
2025-06-10 09:09:28,560 - __main__ - INFO - 将获取股票 TMUS 从 2025-04-17 到 2025-06-10 的数据
2025-06-10 09:09:29,337 - __main__ - ERROR - 更新股票 TMUS 数据时出错: Too Many Requests. Rate limited. Try after a while.
2025-06-10 09:09:29,369 - __main__ - INFO - 处理股票 TNA，最后更新时间: 2025-04-16 00:00:00
2025-06-10 09:09:29,369 - __main__ - INFO - 股票 TNA 的数据已更新 55 天 9 小时前
2025-06-10 09:09:29,369 - __main__ - INFO - 股票 TNA 的最后更新日期为: 2025-04-16 00:00:00
2025-06-10 09:09:29,369 - __main__ - INFO - 将获取股票 TNA 从 2025-04-17 到 2025-06-10 的数据
2025-06-10 09:09:30,121 - __main__ - ERROR - 更新股票 TNA 数据时出错: Too Many Requests. Rate limited. Try after a while.
2025-06-10 09:09:30,241 - __main__ - INFO - 处理股票 TPR，最后更新时间: 2025-04-16 00:00:00
2025-06-10 09:09:30,242 - __main__ - INFO - 股票 TPR 的数据已更新 55 天 9 小时前
2025-06-10 09:09:30,242 - __main__ - INFO - 股票 TPR 的最后更新日期为: 2025-04-16 00:00:00
2025-06-10 09:09:30,242 - __main__ - INFO - 将获取股票 TPR 从 2025-04-17 到 2025-06-10 的数据
2025-06-10 09:09:31,035 - __main__ - ERROR - 更新股票 TPR 数据时出错: Too Many Requests. Rate limited. Try after a while.
2025-06-10 09:09:31,067 - __main__ - INFO - 处理股票 TQQQ，最后更新时间: 2025-04-16 00:00:00
2025-06-10 09:09:31,067 - __main__ - INFO - 股票 TQQQ 的数据已更新 55 天 9 小时前
2025-06-10 09:09:31,067 - __main__ - INFO - 股票 TQQQ 的最后更新日期为: 2025-04-16 00:00:00
2025-06-10 09:09:31,067 - __main__ - INFO - 将获取股票 TQQQ 从 2025-04-17 到 2025-06-10 的数据
2025-06-10 09:09:31,781 - __main__ - ERROR - 更新股票 TQQQ 数据时出错: Too Many Requests. Rate limited. Try after a while.
2025-06-10 09:09:31,809 - __main__ - INFO - 处理股票 TRGP，最后更新时间: 2025-04-16 00:00:00
2025-06-10 09:09:31,809 - __main__ - INFO - 股票 TRGP 的数据已更新 55 天 9 小时前
2025-06-10 09:09:31,810 - __main__ - INFO - 股票 TRGP 的最后更新日期为: 2025-04-16 00:00:00
2025-06-10 09:09:31,810 - __main__ - INFO - 将获取股票 TRGP 从 2025-04-17 到 2025-06-10 的数据
2025-06-10 09:09:32,445 - __main__ - ERROR - 更新股票 TRGP 数据时出错: Too Many Requests. Rate limited. Try after a while.
2025-06-10 09:09:32,492 - __main__ - INFO - 处理股票 TRMB，最后更新时间: 2025-04-16 00:00:00
2025-06-10 09:09:32,492 - __main__ - INFO - 股票 TRMB 的数据已更新 55 天 9 小时前
2025-06-10 09:09:32,492 - __main__ - INFO - 股票 TRMB 的最后更新日期为: 2025-04-16 00:00:00
2025-06-10 09:09:32,492 - __main__ - INFO - 将获取股票 TRMB 从 2025-04-17 到 2025-06-10 的数据
2025-06-10 09:09:33,170 - __main__ - ERROR - 更新股票 TRMB 数据时出错: Too Many Requests. Rate limited. Try after a while.
2025-06-10 09:09:33,218 - __main__ - INFO - 处理股票 TROW，最后更新时间: 2025-04-16 00:00:00
2025-06-10 09:09:33,218 - __main__ - INFO - 股票 TROW 的数据已更新 55 天 9 小时前
2025-06-10 09:09:33,219 - __main__ - INFO - 股票 TROW 的最后更新日期为: 2025-04-16 00:00:00
2025-06-10 09:09:33,219 - __main__ - INFO - 将获取股票 TROW 从 2025-04-17 到 2025-06-10 的数据
2025-06-10 09:09:33,631 - __main__ - ERROR - 更新股票 TROW 数据时出错: Too Many Requests. Rate limited. Try after a while.
2025-06-10 09:09:33,669 - __main__ - INFO - 处理股票 TRV，最后更新时间: 2025-04-16 00:00:00
2025-06-10 09:09:33,669 - __main__ - INFO - 股票 TRV 的数据已更新 55 天 9 小时前
2025-06-10 09:09:33,669 - __main__ - INFO - 股票 TRV 的最后更新日期为: 2025-04-16 00:00:00
2025-06-10 09:09:33,669 - __main__ - INFO - 将获取股票 TRV 从 2025-04-17 到 2025-06-10 的数据
2025-06-10 09:09:34,044 - __main__ - ERROR - 更新股票 TRV 数据时出错: Too Many Requests. Rate limited. Try after a while.
2025-06-10 09:09:34,090 - __main__ - INFO - 处理股票 TSCO，最后更新时间: 2025-04-16 00:00:00
2025-06-10 09:09:34,090 - __main__ - INFO - 股票 TSCO 的数据已更新 55 天 9 小时前
2025-06-10 09:09:34,090 - __main__ - INFO - 股票 TSCO 的最后更新日期为: 2025-04-16 00:00:00
2025-06-10 09:09:34,091 - __main__ - INFO - 将获取股票 TSCO 从 2025-04-17 到 2025-06-10 的数据
2025-06-10 09:09:34,482 - __main__ - ERROR - 更新股票 TSCO 数据时出错: Too Many Requests. Rate limited. Try after a while.
2025-06-10 09:09:34,517 - __main__ - INFO - 处理股票 TSLA，最后更新时间: 2025-04-16 00:00:00
2025-06-10 09:09:34,517 - __main__ - INFO - 股票 TSLA 的数据已更新 55 天 9 小时前
2025-06-10 09:09:34,517 - __main__ - INFO - 股票 TSLA 的最后更新日期为: 2025-04-16 00:00:00
2025-06-10 09:09:34,517 - __main__ - INFO - 将获取股票 TSLA 从 2025-04-17 到 2025-06-10 的数据
2025-06-10 09:09:34,905 - __main__ - ERROR - 更新股票 TSLA 数据时出错: Too Many Requests. Rate limited. Try after a while.
2025-06-10 09:09:34,952 - __main__ - INFO - 处理股票 TSN，最后更新时间: 2025-04-16 00:00:00
2025-06-10 09:09:34,952 - __main__ - INFO - 股票 TSN 的数据已更新 55 天 9 小时前
2025-06-10 09:09:34,952 - __main__ - INFO - 股票 TSN 的最后更新日期为: 2025-04-16 00:00:00
2025-06-10 09:09:34,952 - __main__ - INFO - 将获取股票 TSN 从 2025-04-17 到 2025-06-10 的数据
2025-06-10 09:09:35,345 - __main__ - ERROR - 更新股票 TSN 数据时出错: Too Many Requests. Rate limited. Try after a while.
2025-06-10 09:09:35,395 - __main__ - INFO - 处理股票 TT，最后更新时间: 2025-04-16 00:00:00
2025-06-10 09:09:35,395 - __main__ - INFO - 股票 TT 的数据已更新 55 天 9 小时前
2025-06-10 09:09:35,395 - __main__ - INFO - 股票 TT 的最后更新日期为: 2025-04-16 00:00:00
2025-06-10 09:09:35,395 - __main__ - INFO - 将获取股票 TT 从 2025-04-17 到 2025-06-10 的数据
2025-06-10 09:09:35,759 - __main__ - ERROR - 更新股票 TT 数据时出错: Too Many Requests. Rate limited. Try after a while.
2025-06-10 09:09:35,801 - __main__ - INFO - 处理股票 TTWO，最后更新时间: 2025-04-16 00:00:00
2025-06-10 09:09:35,801 - __main__ - INFO - 股票 TTWO 的数据已更新 55 天 9 小时前
2025-06-10 09:09:35,801 - __main__ - INFO - 股票 TTWO 的最后更新日期为: 2025-04-16 00:00:00
2025-06-10 09:09:35,802 - __main__ - INFO - 将获取股票 TTWO 从 2025-04-17 到 2025-06-10 的数据
2025-06-10 09:09:36,245 - __main__ - ERROR - 更新股票 TTWO 数据时出错: Too Many Requests. Rate limited. Try after a while.
2025-06-10 09:09:36,267 - __main__ - INFO - 处理股票 TXN，最后更新时间: 2025-04-16 00:00:00
2025-06-10 09:09:36,268 - __main__ - INFO - 股票 TXN 的数据已更新 55 天 9 小时前
2025-06-10 09:09:36,268 - __main__ - INFO - 股票 TXN 的最后更新日期为: 2025-04-16 00:00:00
2025-06-10 09:09:36,268 - __main__ - INFO - 将获取股票 TXN 从 2025-04-17 到 2025-06-10 的数据
2025-06-10 09:09:36,660 - __main__ - ERROR - 更新股票 TXN 数据时出错: Too Many Requests. Rate limited. Try after a while.
2025-06-10 09:09:36,713 - __main__ - INFO - 处理股票 TXT，最后更新时间: 2025-04-16 00:00:00
2025-06-10 09:09:36,713 - __main__ - INFO - 股票 TXT 的数据已更新 55 天 9 小时前
2025-06-10 09:09:36,713 - __main__ - INFO - 股票 TXT 的最后更新日期为: 2025-04-16 00:00:00
2025-06-10 09:09:36,713 - __main__ - INFO - 将获取股票 TXT 从 2025-04-17 到 2025-06-10 的数据
2025-06-10 09:09:37,073 - __main__ - ERROR - 更新股票 TXT 数据时出错: Too Many Requests. Rate limited. Try after a while.
2025-06-10 09:09:37,118 - __main__ - INFO - 处理股票 TYL，最后更新时间: 2025-04-16 00:00:00
2025-06-10 09:09:37,118 - __main__ - INFO - 股票 TYL 的数据已更新 55 天 9 小时前
2025-06-10 09:09:37,118 - __main__ - INFO - 股票 TYL 的最后更新日期为: 2025-04-16 00:00:00
2025-06-10 09:09:37,119 - __main__ - INFO - 将获取股票 TYL 从 2025-04-17 到 2025-06-10 的数据
2025-06-10 09:09:37,534 - __main__ - ERROR - 更新股票 TYL 数据时出错: Too Many Requests. Rate limited. Try after a while.
2025-06-10 09:09:37,560 - __main__ - INFO - 处理股票 UAL，最后更新时间: 2025-04-16 00:00:00
2025-06-10 09:09:37,561 - __main__ - INFO - 股票 UAL 的数据已更新 55 天 9 小时前
2025-06-10 09:09:37,561 - __main__ - INFO - 股票 UAL 的最后更新日期为: 2025-04-16 00:00:00
2025-06-10 09:09:37,561 - __main__ - INFO - 将获取股票 UAL 从 2025-04-17 到 2025-06-10 的数据
2025-06-10 09:09:37,952 - __main__ - ERROR - 更新股票 UAL 数据时出错: Too Many Requests. Rate limited. Try after a while.
2025-06-10 09:09:37,999 - __main__ - INFO - 处理股票 UDR，最后更新时间: 2025-04-16 00:00:00
2025-06-10 09:09:37,999 - __main__ - INFO - 股票 UDR 的数据已更新 55 天 9 小时前
2025-06-10 09:09:37,999 - __main__ - INFO - 股票 UDR 的最后更新日期为: 2025-04-16 00:00:00
2025-06-10 09:09:37,999 - __main__ - INFO - 将获取股票 UDR 从 2025-04-17 到 2025-06-10 的数据
2025-06-10 09:09:38,384 - __main__ - ERROR - 更新股票 UDR 数据时出错: Too Many Requests. Rate limited. Try after a while.
2025-06-10 09:09:38,417 - __main__ - INFO - 处理股票 UHS，最后更新时间: 2025-04-16 00:00:00
2025-06-10 09:09:38,418 - __main__ - INFO - 股票 UHS 的数据已更新 55 天 9 小时前
2025-06-10 09:09:38,418 - __main__ - INFO - 股票 UHS 的最后更新日期为: 2025-04-16 00:00:00
2025-06-10 09:09:38,418 - __main__ - INFO - 将获取股票 UHS 从 2025-04-17 到 2025-06-10 的数据
2025-06-10 09:09:38,837 - __main__ - ERROR - 更新股票 UHS 数据时出错: Too Many Requests. Rate limited. Try after a while.
2025-06-10 09:09:38,856 - __main__ - INFO - 处理股票 ULTA，最后更新时间: 2025-04-16 00:00:00
2025-06-10 09:09:38,857 - __main__ - INFO - 股票 ULTA 的数据已更新 55 天 9 小时前
2025-06-10 09:09:38,857 - __main__ - INFO - 股票 ULTA 的最后更新日期为: 2025-04-16 00:00:00
2025-06-10 09:09:38,857 - __main__ - INFO - 将获取股票 ULTA 从 2025-04-17 到 2025-06-10 的数据
2025-06-10 09:09:40,307 - __main__ - ERROR - 更新股票 ULTA 数据时出错: Too Many Requests. Rate limited. Try after a while.
2025-06-10 09:09:40,352 - __main__ - INFO - 处理股票 UNH，最后更新时间: 2025-04-16 00:00:00
2025-06-10 09:09:40,352 - __main__ - INFO - 股票 UNH 的数据已更新 55 天 9 小时前
2025-06-10 09:09:40,352 - __main__ - INFO - 股票 UNH 的最后更新日期为: 2025-04-16 00:00:00
2025-06-10 09:09:40,352 - __main__ - INFO - 将获取股票 UNH 从 2025-04-17 到 2025-06-10 的数据
2025-06-10 09:09:40,749 - __main__ - ERROR - 更新股票 UNH 数据时出错: Too Many Requests. Rate limited. Try after a while.
2025-06-10 09:09:40,793 - __main__ - INFO - 处理股票 UNP，最后更新时间: 2025-04-16 00:00:00
2025-06-10 09:09:40,793 - __main__ - INFO - 股票 UNP 的数据已更新 55 天 9 小时前
2025-06-10 09:09:40,793 - __main__ - INFO - 股票 UNP 的最后更新日期为: 2025-04-16 00:00:00
2025-06-10 09:09:40,793 - __main__ - INFO - 将获取股票 UNP 从 2025-04-17 到 2025-06-10 的数据
2025-06-10 09:09:41,162 - __main__ - ERROR - 更新股票 UNP 数据时出错: Too Many Requests. Rate limited. Try after a while.
2025-06-10 09:09:41,196 - __main__ - INFO - 处理股票 UPS，最后更新时间: 2025-04-16 00:00:00
2025-06-10 09:09:41,196 - __main__ - INFO - 股票 UPS 的数据已更新 55 天 9 小时前
2025-06-10 09:09:41,196 - __main__ - INFO - 股票 UPS 的最后更新日期为: 2025-04-16 00:00:00
2025-06-10 09:09:41,196 - __main__ - INFO - 将获取股票 UPS 从 2025-04-17 到 2025-06-10 的数据
2025-06-10 09:09:41,607 - __main__ - ERROR - 更新股票 UPS 数据时出错: Too Many Requests. Rate limited. Try after a while.
2025-06-10 09:09:41,654 - __main__ - INFO - 处理股票 URI，最后更新时间: 2025-04-16 00:00:00
2025-06-10 09:09:41,654 - __main__ - INFO - 股票 URI 的数据已更新 55 天 9 小时前
2025-06-10 09:09:41,654 - __main__ - INFO - 股票 URI 的最后更新日期为: 2025-04-16 00:00:00
2025-06-10 09:09:41,655 - __main__ - INFO - 将获取股票 URI 从 2025-04-17 到 2025-06-10 的数据
2025-06-10 09:09:42,034 - __main__ - ERROR - 更新股票 URI 数据时出错: Too Many Requests. Rate limited. Try after a while.
2025-06-10 09:09:42,068 - __main__ - INFO - 处理股票 USB，最后更新时间: 2025-04-16 00:00:00
2025-06-10 09:09:42,068 - __main__ - INFO - 股票 USB 的数据已更新 55 天 9 小时前
2025-06-10 09:09:42,068 - __main__ - INFO - 股票 USB 的最后更新日期为: 2025-04-16 00:00:00
2025-06-10 09:09:42,068 - __main__ - INFO - 将获取股票 USB 从 2025-04-17 到 2025-06-10 的数据
2025-06-10 09:09:42,460 - __main__ - ERROR - 更新股票 USB 数据时出错: Too Many Requests. Rate limited. Try after a while.
2025-06-10 09:09:42,501 - __main__ - INFO - 处理股票 USFR，最后更新时间: 2025-04-16 00:00:00
2025-06-10 09:09:42,502 - __main__ - INFO - 股票 USFR 的数据已更新 55 天 9 小时前
2025-06-10 09:09:42,502 - __main__ - INFO - 股票 USFR 的最后更新日期为: 2025-04-16 00:00:00
2025-06-10 09:09:42,502 - __main__ - INFO - 将获取股票 USFR 从 2025-04-17 到 2025-06-10 的数据
2025-06-10 09:09:42,885 - __main__ - ERROR - 更新股票 USFR 数据时出错: Too Many Requests. Rate limited. Try after a while.
2025-06-10 09:09:42,919 - __main__ - INFO - 处理股票 V，最后更新时间: 2025-04-16 00:00:00
2025-06-10 09:09:42,919 - __main__ - INFO - 股票 V 的数据已更新 55 天 9 小时前
2025-06-10 09:09:42,919 - __main__ - INFO - 股票 V 的最后更新日期为: 2025-04-16 00:00:00
2025-06-10 09:09:42,919 - __main__ - INFO - 将获取股票 V 从 2025-04-17 到 2025-06-10 的数据
2025-06-10 09:09:43,317 - __main__ - ERROR - 更新股票 V 数据时出错: Too Many Requests. Rate limited. Try after a while.
2025-06-10 09:09:43,364 - __main__ - INFO - 处理股票 VEA，最后更新时间: 2025-04-16 00:00:00
2025-06-10 09:09:43,364 - __main__ - INFO - 股票 VEA 的数据已更新 55 天 9 小时前
2025-06-10 09:09:43,364 - __main__ - INFO - 股票 VEA 的最后更新日期为: 2025-04-16 00:00:00
2025-06-10 09:09:43,364 - __main__ - INFO - 将获取股票 VEA 从 2025-04-17 到 2025-06-10 的数据
2025-06-10 09:09:43,763 - __main__ - ERROR - 更新股票 VEA 数据时出错: Too Many Requests. Rate limited. Try after a while.
2025-06-10 09:09:43,811 - __main__ - INFO - 处理股票 VIX，最后更新时间: 2025-03-12 00:00:00
2025-06-10 09:09:43,811 - __main__ - INFO - 股票 VIX 的数据已更新 90 天 9 小时前
2025-06-10 09:09:43,811 - __main__ - INFO - 股票 VIX 的最后更新日期为: 2025-03-12 00:00:00
2025-06-10 09:09:43,812 - __main__ - INFO - 将获取股票 VIX 从 2025-03-13 到 2025-06-10 的数据
2025-06-10 09:09:44,240 - __main__ - ERROR - 更新股票 VIX 数据时出错: Too Many Requests. Rate limited. Try after a while.
2025-06-10 09:09:44,269 - __main__ - INFO - 处理股票 VLO，最后更新时间: 2025-04-16 00:00:00
2025-06-10 09:09:44,269 - __main__ - INFO - 股票 VLO 的数据已更新 55 天 9 小时前
2025-06-10 09:09:44,269 - __main__ - INFO - 股票 VLO 的最后更新日期为: 2025-04-16 00:00:00
2025-06-10 09:09:44,269 - __main__ - INFO - 将获取股票 VLO 从 2025-04-17 到 2025-06-10 的数据
2025-06-10 09:09:44,644 - __main__ - ERROR - 更新股票 VLO 数据时出错: Too Many Requests. Rate limited. Try after a while.
2025-06-10 09:09:44,691 - __main__ - INFO - 处理股票 VMC，最后更新时间: 2025-04-16 00:00:00
2025-06-10 09:09:44,691 - __main__ - INFO - 股票 VMC 的数据已更新 55 天 9 小时前
2025-06-10 09:09:44,691 - __main__ - INFO - 股票 VMC 的最后更新日期为: 2025-04-16 00:00:00
2025-06-10 09:09:44,691 - __main__ - INFO - 将获取股票 VMC 从 2025-04-17 到 2025-06-10 的数据
2025-06-10 09:09:45,138 - __main__ - ERROR - 更新股票 VMC 数据时出错: Too Many Requests. Rate limited. Try after a while.
2025-06-10 09:09:45,168 - __main__ - INFO - 处理股票 VRSK，最后更新时间: 2025-04-16 00:00:00
2025-06-10 09:09:45,169 - __main__ - INFO - 股票 VRSK 的数据已更新 55 天 9 小时前
2025-06-10 09:09:45,169 - __main__ - INFO - 股票 VRSK 的最后更新日期为: 2025-04-16 00:00:00
2025-06-10 09:09:45,169 - __main__ - INFO - 将获取股票 VRSK 从 2025-04-17 到 2025-06-10 的数据
2025-06-10 09:09:45,576 - __main__ - ERROR - 更新股票 VRSK 数据时出错: Too Many Requests. Rate limited. Try after a while.
2025-06-10 09:09:45,700 - __main__ - INFO - 处理股票 VRSN，最后更新时间: 2025-04-16 00:00:00
2025-06-10 09:09:45,700 - __main__ - INFO - 股票 VRSN 的数据已更新 55 天 9 小时前
2025-06-10 09:09:45,700 - __main__ - INFO - 股票 VRSN 的最后更新日期为: 2025-04-16 00:00:00
2025-06-10 09:09:45,700 - __main__ - INFO - 将获取股票 VRSN 从 2025-04-17 到 2025-06-10 的数据
2025-06-10 09:09:46,059 - __main__ - ERROR - 更新股票 VRSN 数据时出错: Too Many Requests. Rate limited. Try after a while.
2025-06-10 09:09:46,354 - __main__ - INFO - 处理股票 VRTX，最后更新时间: 2025-04-16 00:00:00
2025-06-10 09:09:46,354 - __main__ - INFO - 股票 VRTX 的数据已更新 55 天 9 小时前
2025-06-10 09:09:46,355 - __main__ - INFO - 股票 VRTX 的最后更新日期为: 2025-04-16 00:00:00
2025-06-10 09:09:46,355 - __main__ - INFO - 将获取股票 VRTX 从 2025-04-17 到 2025-06-10 的数据
2025-06-10 09:09:46,742 - __main__ - ERROR - 更新股票 VRTX 数据时出错: Too Many Requests. Rate limited. Try after a while.
2025-06-10 09:09:46,768 - __main__ - INFO - 处理股票 VT，最后更新时间: 2025-04-16 00:00:00
2025-06-10 09:09:46,768 - __main__ - INFO - 股票 VT 的数据已更新 55 天 9 小时前
2025-06-10 09:09:46,769 - __main__ - INFO - 股票 VT 的最后更新日期为: 2025-04-16 00:00:00
2025-06-10 09:09:46,769 - __main__ - INFO - 将获取股票 VT 从 2025-04-17 到 2025-06-10 的数据
2025-06-10 09:09:47,134 - __main__ - ERROR - 更新股票 VT 数据时出错: Too Many Requests. Rate limited. Try after a while.
2025-06-10 09:09:47,169 - __main__ - INFO - 处理股票 VTI，最后更新时间: 2025-04-16 00:00:00
2025-06-10 09:09:47,169 - __main__ - INFO - 股票 VTI 的数据已更新 55 天 9 小时前
2025-06-10 09:09:47,169 - __main__ - INFO - 股票 VTI 的最后更新日期为: 2025-04-16 00:00:00
2025-06-10 09:09:47,169 - __main__ - INFO - 将获取股票 VTI 从 2025-04-17 到 2025-06-10 的数据
2025-06-10 09:09:47,529 - __main__ - ERROR - 更新股票 VTI 数据时出错: Too Many Requests. Rate limited. Try after a while.
2025-06-10 09:09:47,567 - __main__ - INFO - 处理股票 VTR，最后更新时间: 2025-04-16 00:00:00
2025-06-10 09:09:47,567 - __main__ - INFO - 股票 VTR 的数据已更新 55 天 9 小时前
2025-06-10 09:09:47,567 - __main__ - INFO - 股票 VTR 的最后更新日期为: 2025-04-16 00:00:00
2025-06-10 09:09:47,568 - __main__ - INFO - 将获取股票 VTR 从 2025-04-17 到 2025-06-10 的数据
2025-06-10 09:09:47,924 - __main__ - ERROR - 更新股票 VTR 数据时出错: Too Many Requests. Rate limited. Try after a while.
2025-06-10 09:09:47,995 - __main__ - INFO - 处理股票 VTRS，最后更新时间: 2025-04-16 00:00:00
2025-06-10 09:09:47,996 - __main__ - INFO - 股票 VTRS 的数据已更新 55 天 9 小时前
2025-06-10 09:09:47,996 - __main__ - INFO - 股票 VTRS 的最后更新日期为: 2025-04-16 00:00:00
2025-06-10 09:09:47,996 - __main__ - INFO - 将获取股票 VTRS 从 2025-04-17 到 2025-06-10 的数据
2025-06-10 09:09:48,384 - __main__ - ERROR - 更新股票 VTRS 数据时出错: Too Many Requests. Rate limited. Try after a while.
2025-06-10 09:09:48,419 - __main__ - INFO - 处理股票 VZ，最后更新时间: 2025-04-16 00:00:00
2025-06-10 09:09:48,419 - __main__ - INFO - 股票 VZ 的数据已更新 55 天 9 小时前
2025-06-10 09:09:48,420 - __main__ - INFO - 股票 VZ 的最后更新日期为: 2025-04-16 00:00:00
2025-06-10 09:09:48,420 - __main__ - INFO - 将获取股票 VZ 从 2025-04-17 到 2025-06-10 的数据
2025-06-10 09:09:48,846 - __main__ - ERROR - 更新股票 VZ 数据时出错: Too Many Requests. Rate limited. Try after a while.
2025-06-10 09:09:48,872 - __main__ - INFO - 处理股票 WAB，最后更新时间: 2025-04-16 00:00:00
2025-06-10 09:09:48,872 - __main__ - INFO - 股票 WAB 的数据已更新 55 天 9 小时前
2025-06-10 09:09:48,872 - __main__ - INFO - 股票 WAB 的最后更新日期为: 2025-04-16 00:00:00
2025-06-10 09:09:48,872 - __main__ - INFO - 将获取股票 WAB 从 2025-04-17 到 2025-06-10 的数据
2025-06-10 09:09:49,281 - __main__ - ERROR - 更新股票 WAB 数据时出错: Too Many Requests. Rate limited. Try after a while.
2025-06-10 09:09:49,319 - __main__ - INFO - 处理股票 WAT，最后更新时间: 2025-04-16 00:00:00
2025-06-10 09:09:49,320 - __main__ - INFO - 股票 WAT 的数据已更新 55 天 9 小时前
2025-06-10 09:09:49,320 - __main__ - INFO - 股票 WAT 的最后更新日期为: 2025-04-16 00:00:00
2025-06-10 09:09:49,320 - __main__ - INFO - 将获取股票 WAT 从 2025-04-17 到 2025-06-10 的数据
2025-06-10 09:09:49,730 - __main__ - ERROR - 更新股票 WAT 数据时出错: Too Many Requests. Rate limited. Try after a while.
2025-06-10 09:09:49,767 - __main__ - INFO - 处理股票 WBA，最后更新时间: 2025-04-16 00:00:00
2025-06-10 09:09:49,768 - __main__ - INFO - 股票 WBA 的数据已更新 55 天 9 小时前
2025-06-10 09:09:49,768 - __main__ - INFO - 股票 WBA 的最后更新日期为: 2025-04-16 00:00:00
2025-06-10 09:09:49,768 - __main__ - INFO - 将获取股票 WBA 从 2025-04-17 到 2025-06-10 的数据
2025-06-10 09:09:50,149 - __main__ - ERROR - 更新股票 WBA 数据时出错: Too Many Requests. Rate limited. Try after a while.
2025-06-10 09:09:50,204 - __main__ - INFO - 处理股票 WBD，最后更新时间: 2025-04-16 00:00:00
2025-06-10 09:09:50,205 - __main__ - INFO - 股票 WBD 的数据已更新 55 天 9 小时前
2025-06-10 09:09:50,205 - __main__ - INFO - 股票 WBD 的最后更新日期为: 2025-04-16 00:00:00
2025-06-10 09:09:50,205 - __main__ - INFO - 将获取股票 WBD 从 2025-04-17 到 2025-06-10 的数据
2025-06-10 09:09:50,624 - __main__ - ERROR - 更新股票 WBD 数据时出错: Too Many Requests. Rate limited. Try after a while.
2025-06-10 09:09:50,668 - __main__ - INFO - 处理股票 WDAY，最后更新时间: 2025-04-16 00:00:00
2025-06-10 09:09:50,668 - __main__ - INFO - 股票 WDAY 的数据已更新 55 天 9 小时前
2025-06-10 09:09:50,668 - __main__ - INFO - 股票 WDAY 的最后更新日期为: 2025-04-16 00:00:00
2025-06-10 09:09:50,669 - __main__ - INFO - 将获取股票 WDAY 从 2025-04-17 到 2025-06-10 的数据
2025-06-10 09:09:51,249 - __main__ - ERROR - 更新股票 WDAY 数据时出错: Too Many Requests. Rate limited. Try after a while.
2025-06-10 09:09:51,271 - __main__ - INFO - 处理股票 WDC，最后更新时间: 2025-04-16 00:00:00
2025-06-10 09:09:51,271 - __main__ - INFO - 股票 WDC 的数据已更新 55 天 9 小时前
2025-06-10 09:09:51,271 - __main__ - INFO - 股票 WDC 的最后更新日期为: 2025-04-16 00:00:00
2025-06-10 09:09:51,271 - __main__ - INFO - 将获取股票 WDC 从 2025-04-17 到 2025-06-10 的数据
2025-06-10 09:09:51,669 - __main__ - ERROR - 更新股票 WDC 数据时出错: Too Many Requests. Rate limited. Try after a while.
2025-06-10 09:09:51,703 - __main__ - INFO - 处理股票 WEC，最后更新时间: 2025-04-16 00:00:00
2025-06-10 09:09:51,703 - __main__ - INFO - 股票 WEC 的数据已更新 55 天 9 小时前
2025-06-10 09:09:51,703 - __main__ - INFO - 股票 WEC 的最后更新日期为: 2025-04-16 00:00:00
2025-06-10 09:09:51,703 - __main__ - INFO - 将获取股票 WEC 从 2025-04-17 到 2025-06-10 的数据
2025-06-10 09:09:52,118 - __main__ - ERROR - 更新股票 WEC 数据时出错: Too Many Requests. Rate limited. Try after a while.
2025-06-10 09:09:52,163 - __main__ - INFO - 处理股票 WELL，最后更新时间: 2025-04-16 00:00:00
2025-06-10 09:09:52,164 - __main__ - INFO - 股票 WELL 的数据已更新 55 天 9 小时前
2025-06-10 09:09:52,164 - __main__ - INFO - 股票 WELL 的最后更新日期为: 2025-04-16 00:00:00
2025-06-10 09:09:52,164 - __main__ - INFO - 将获取股票 WELL 从 2025-04-17 到 2025-06-10 的数据
2025-06-10 09:09:52,555 - __main__ - ERROR - 更新股票 WELL 数据时出错: Too Many Requests. Rate limited. Try after a while.
2025-06-10 09:09:52,644 - __main__ - INFO - 处理股票 WFC，最后更新时间: 2025-04-16 00:00:00
2025-06-10 09:09:52,644 - __main__ - INFO - 股票 WFC 的数据已更新 55 天 9 小时前
2025-06-10 09:09:52,644 - __main__ - INFO - 股票 WFC 的最后更新日期为: 2025-04-16 00:00:00
2025-06-10 09:09:52,644 - __main__ - INFO - 将获取股票 WFC 从 2025-04-17 到 2025-06-10 的数据
2025-06-10 09:09:53,016 - __main__ - ERROR - 更新股票 WFC 数据时出错: Too Many Requests. Rate limited. Try after a while.
2025-06-10 09:09:53,062 - __main__ - INFO - 处理股票 WM，最后更新时间: 2025-04-16 00:00:00
2025-06-10 09:09:53,063 - __main__ - INFO - 股票 WM 的数据已更新 55 天 9 小时前
2025-06-10 09:09:53,063 - __main__ - INFO - 股票 WM 的最后更新日期为: 2025-04-16 00:00:00
2025-06-10 09:09:53,063 - __main__ - INFO - 将获取股票 WM 从 2025-04-17 到 2025-06-10 的数据
2025-06-10 09:09:53,431 - __main__ - ERROR - 更新股票 WM 数据时出错: Too Many Requests. Rate limited. Try after a while.
2025-06-10 09:09:53,465 - __main__ - INFO - 处理股票 WMB，最后更新时间: 2025-04-16 00:00:00
2025-06-10 09:09:53,465 - __main__ - INFO - 股票 WMB 的数据已更新 55 天 9 小时前
2025-06-10 09:09:53,465 - __main__ - INFO - 股票 WMB 的最后更新日期为: 2025-04-16 00:00:00
2025-06-10 09:09:53,465 - __main__ - INFO - 将获取股票 WMB 从 2025-04-17 到 2025-06-10 的数据
2025-06-10 09:09:53,836 - __main__ - ERROR - 更新股票 WMB 数据时出错: Too Many Requests. Rate limited. Try after a while.
2025-06-10 09:09:53,894 - __main__ - INFO - 处理股票 WMT，最后更新时间: 2025-04-16 00:00:00
2025-06-10 09:09:53,895 - __main__ - INFO - 股票 WMT 的数据已更新 55 天 9 小时前
2025-06-10 09:09:53,895 - __main__ - INFO - 股票 WMT 的最后更新日期为: 2025-04-16 00:00:00
2025-06-10 09:09:53,895 - __main__ - INFO - 将获取股票 WMT 从 2025-04-17 到 2025-06-10 的数据
2025-06-10 09:09:55,213 - __main__ - ERROR - 更新股票 WMT 数据时出错: Too Many Requests. Rate limited. Try after a while.
2025-06-10 09:09:55,259 - __main__ - INFO - 处理股票 WRB，最后更新时间: 2025-04-16 00:00:00
2025-06-10 09:09:55,259 - __main__ - INFO - 股票 WRB 的数据已更新 55 天 9 小时前
2025-06-10 09:09:55,260 - __main__ - INFO - 股票 WRB 的最后更新日期为: 2025-04-16 00:00:00
2025-06-10 09:09:55,260 - __main__ - INFO - 将获取股票 WRB 从 2025-04-17 到 2025-06-10 的数据
2025-06-10 09:09:55,647 - __main__ - ERROR - 更新股票 WRB 数据时出错: Too Many Requests. Rate limited. Try after a while.
2025-06-10 09:09:55,673 - __main__ - INFO - 处理股票 WST，最后更新时间: 2025-04-16 00:00:00
2025-06-10 09:09:55,673 - __main__ - INFO - 股票 WST 的数据已更新 55 天 9 小时前
2025-06-10 09:09:55,673 - __main__ - INFO - 股票 WST 的最后更新日期为: 2025-04-16 00:00:00
2025-06-10 09:09:55,674 - __main__ - INFO - 将获取股票 WST 从 2025-04-17 到 2025-06-10 的数据
2025-06-10 09:09:56,053 - __main__ - ERROR - 更新股票 WST 数据时出错: Too Many Requests. Rate limited. Try after a while.
2025-06-10 09:09:56,098 - __main__ - INFO - 处理股票 WTW，最后更新时间: 2025-04-16 00:00:00
2025-06-10 09:09:56,098 - __main__ - INFO - 股票 WTW 的数据已更新 55 天 9 小时前
2025-06-10 09:09:56,098 - __main__ - INFO - 股票 WTW 的最后更新日期为: 2025-04-16 00:00:00
2025-06-10 09:09:56,098 - __main__ - INFO - 将获取股票 WTW 从 2025-04-17 到 2025-06-10 的数据
2025-06-10 09:09:56,553 - __main__ - ERROR - 更新股票 WTW 数据时出错: Too Many Requests. Rate limited. Try after a while.
2025-06-10 09:09:56,591 - __main__ - INFO - 处理股票 WY，最后更新时间: 2025-04-16 00:00:00
2025-06-10 09:09:56,591 - __main__ - INFO - 股票 WY 的数据已更新 55 天 9 小时前
2025-06-10 09:09:56,591 - __main__ - INFO - 股票 WY 的最后更新日期为: 2025-04-16 00:00:00
2025-06-10 09:09:56,592 - __main__ - INFO - 将获取股票 WY 从 2025-04-17 到 2025-06-10 的数据
2025-06-10 09:09:56,981 - __main__ - ERROR - 更新股票 WY 数据时出错: Too Many Requests. Rate limited. Try after a while.
2025-06-10 09:09:57,159 - __main__ - INFO - 处理股票 WYNN，最后更新时间: 2025-04-16 00:00:00
2025-06-10 09:09:57,159 - __main__ - INFO - 股票 WYNN 的数据已更新 55 天 9 小时前
2025-06-10 09:09:57,159 - __main__ - INFO - 股票 WYNN 的最后更新日期为: 2025-04-16 00:00:00
2025-06-10 09:09:57,159 - __main__ - INFO - 将获取股票 WYNN 从 2025-04-17 到 2025-06-10 的数据
2025-06-10 09:09:57,589 - __main__ - ERROR - 更新股票 WYNN 数据时出错: Too Many Requests. Rate limited. Try after a while.
2025-06-10 09:09:57,612 - __main__ - INFO - 处理股票 XEL，最后更新时间: 2025-04-16 00:00:00
2025-06-10 09:09:57,612 - __main__ - INFO - 股票 XEL 的数据已更新 55 天 9 小时前
2025-06-10 09:09:57,612 - __main__ - INFO - 股票 XEL 的最后更新日期为: 2025-04-16 00:00:00
2025-06-10 09:09:57,613 - __main__ - INFO - 将获取股票 XEL 从 2025-04-17 到 2025-06-10 的数据
2025-06-10 09:09:58,026 - __main__ - ERROR - 更新股票 XEL 数据时出错: Too Many Requests. Rate limited. Try after a while.
2025-06-10 09:09:58,065 - __main__ - INFO - 处理股票 XLB，最后更新时间: 2025-04-16 00:00:00
2025-06-10 09:09:58,065 - __main__ - INFO - 股票 XLB 的数据已更新 55 天 9 小时前
2025-06-10 09:09:58,065 - __main__ - INFO - 股票 XLB 的最后更新日期为: 2025-04-16 00:00:00
2025-06-10 09:09:58,065 - __main__ - INFO - 将获取股票 XLB 从 2025-04-17 到 2025-06-10 的数据
2025-06-10 09:09:58,472 - __main__ - ERROR - 更新股票 XLB 数据时出错: Too Many Requests. Rate limited. Try after a while.
2025-06-10 09:09:58,522 - __main__ - INFO - 处理股票 XLE，最后更新时间: 2025-04-16 00:00:00
2025-06-10 09:09:58,523 - __main__ - INFO - 股票 XLE 的数据已更新 55 天 9 小时前
2025-06-10 09:09:58,523 - __main__ - INFO - 股票 XLE 的最后更新日期为: 2025-04-16 00:00:00
2025-06-10 09:09:58,523 - __main__ - INFO - 将获取股票 XLE 从 2025-04-17 到 2025-06-10 的数据
2025-06-10 09:09:58,885 - __main__ - ERROR - 更新股票 XLE 数据时出错: Too Many Requests. Rate limited. Try after a while.
2025-06-10 09:09:58,918 - __main__ - INFO - 处理股票 XLF，最后更新时间: 2025-04-16 00:00:00
2025-06-10 09:09:58,919 - __main__ - INFO - 股票 XLF 的数据已更新 55 天 9 小时前
2025-06-10 09:09:58,919 - __main__ - INFO - 股票 XLF 的最后更新日期为: 2025-04-16 00:00:00
2025-06-10 09:09:58,919 - __main__ - INFO - 将获取股票 XLF 从 2025-04-17 到 2025-06-10 的数据
2025-06-10 09:09:59,288 - __main__ - ERROR - 更新股票 XLF 数据时出错: Too Many Requests. Rate limited. Try after a while.
2025-06-10 09:09:59,351 - __main__ - INFO - 处理股票 XLI，最后更新时间: 2025-04-16 00:00:00
2025-06-10 09:09:59,351 - __main__ - INFO - 股票 XLI 的数据已更新 55 天 9 小时前
2025-06-10 09:09:59,351 - __main__ - INFO - 股票 XLI 的最后更新日期为: 2025-04-16 00:00:00
2025-06-10 09:09:59,351 - __main__ - INFO - 将获取股票 XLI 从 2025-04-17 到 2025-06-10 的数据
2025-06-10 09:09:59,733 - __main__ - ERROR - 更新股票 XLI 数据时出错: Too Many Requests. Rate limited. Try after a while.
2025-06-10 09:09:59,767 - __main__ - INFO - 处理股票 XLK，最后更新时间: 2025-04-16 00:00:00
2025-06-10 09:09:59,767 - __main__ - INFO - 股票 XLK 的数据已更新 55 天 9 小时前
2025-06-10 09:09:59,767 - __main__ - INFO - 股票 XLK 的最后更新日期为: 2025-04-16 00:00:00
2025-06-10 09:09:59,767 - __main__ - INFO - 将获取股票 XLK 从 2025-04-17 到 2025-06-10 的数据
2025-06-10 09:10:00,172 - __main__ - ERROR - 更新股票 XLK 数据时出错: Too Many Requests. Rate limited. Try after a while.
2025-06-10 09:10:00,206 - __main__ - INFO - 处理股票 XLP，最后更新时间: 2025-04-16 00:00:00
2025-06-10 09:10:00,206 - __main__ - INFO - 股票 XLP 的数据已更新 55 天 9 小时前
2025-06-10 09:10:00,206 - __main__ - INFO - 股票 XLP 的最后更新日期为: 2025-04-16 00:00:00
2025-06-10 09:10:00,206 - __main__ - INFO - 将获取股票 XLP 从 2025-04-17 到 2025-06-10 的数据
2025-06-10 09:10:00,608 - __main__ - ERROR - 更新股票 XLP 数据时出错: Too Many Requests. Rate limited. Try after a while.
2025-06-10 09:10:00,653 - __main__ - INFO - 处理股票 XLU，最后更新时间: 2025-04-16 00:00:00
2025-06-10 09:10:00,653 - __main__ - INFO - 股票 XLU 的数据已更新 55 天 9 小时前
2025-06-10 09:10:00,653 - __main__ - INFO - 股票 XLU 的最后更新日期为: 2025-04-16 00:00:00
2025-06-10 09:10:00,653 - __main__ - INFO - 将获取股票 XLU 从 2025-04-17 到 2025-06-10 的数据
2025-06-10 09:10:01,043 - __main__ - ERROR - 更新股票 XLU 数据时出错: Too Many Requests. Rate limited. Try after a while.
2025-06-10 09:10:01,104 - __main__ - INFO - 处理股票 XLV，最后更新时间: 2025-04-16 00:00:00
2025-06-10 09:10:01,105 - __main__ - INFO - 股票 XLV 的数据已更新 55 天 9 小时前
2025-06-10 09:10:01,105 - __main__ - INFO - 股票 XLV 的最后更新日期为: 2025-04-16 00:00:00
2025-06-10 09:10:01,105 - __main__ - INFO - 将获取股票 XLV 从 2025-04-17 到 2025-06-10 的数据
2025-06-10 09:10:01,497 - __main__ - ERROR - 更新股票 XLV 数据时出错: Too Many Requests. Rate limited. Try after a while.
2025-06-10 09:10:01,550 - __main__ - INFO - 处理股票 XLY，最后更新时间: 2025-04-16 00:00:00
2025-06-10 09:10:01,550 - __main__ - INFO - 股票 XLY 的数据已更新 55 天 9 小时前
2025-06-10 09:10:01,551 - __main__ - INFO - 股票 XLY 的最后更新日期为: 2025-04-16 00:00:00
2025-06-10 09:10:01,551 - __main__ - INFO - 将获取股票 XLY 从 2025-04-17 到 2025-06-10 的数据
2025-06-10 09:10:01,975 - __main__ - ERROR - 更新股票 XLY 数据时出错: Too Many Requests. Rate limited. Try after a while.
2025-06-10 09:10:02,009 - __main__ - INFO - 处理股票 XOM，最后更新时间: 2025-04-16 00:00:00
2025-06-10 09:10:02,009 - __main__ - INFO - 股票 XOM 的数据已更新 55 天 9 小时前
2025-06-10 09:10:02,009 - __main__ - INFO - 股票 XOM 的最后更新日期为: 2025-04-16 00:00:00
2025-06-10 09:10:02,009 - __main__ - INFO - 将获取股票 XOM 从 2025-04-17 到 2025-06-10 的数据
2025-06-10 09:10:02,396 - __main__ - ERROR - 更新股票 XOM 数据时出错: Too Many Requests. Rate limited. Try after a while.
2025-06-10 09:10:02,423 - __main__ - INFO - 处理股票 XYL，最后更新时间: 2025-04-16 00:00:00
2025-06-10 09:10:02,423 - __main__ - INFO - 股票 XYL 的数据已更新 55 天 9 小时前
2025-06-10 09:10:02,424 - __main__ - INFO - 股票 XYL 的最后更新日期为: 2025-04-16 00:00:00
2025-06-10 09:10:02,424 - __main__ - INFO - 将获取股票 XYL 从 2025-04-17 到 2025-06-10 的数据
2025-06-10 09:10:02,789 - __main__ - ERROR - 更新股票 XYL 数据时出错: Too Many Requests. Rate limited. Try after a while.
2025-06-10 09:10:02,817 - __main__ - INFO - 处理股票 YANG，最后更新时间: 2025-04-16 00:00:00
2025-06-10 09:10:02,817 - __main__ - INFO - 股票 YANG 的数据已更新 55 天 9 小时前
2025-06-10 09:10:02,817 - __main__ - INFO - 股票 YANG 的最后更新日期为: 2025-04-16 00:00:00
2025-06-10 09:10:02,817 - __main__ - INFO - 将获取股票 YANG 从 2025-04-17 到 2025-06-10 的数据
2025-06-10 09:10:03,233 - __main__ - ERROR - 更新股票 YANG 数据时出错: Too Many Requests. Rate limited. Try after a while.
2025-06-10 09:10:03,268 - __main__ - INFO - 处理股票 YINN，最后更新时间: 2025-04-16 00:00:00
2025-06-10 09:10:03,268 - __main__ - INFO - 股票 YINN 的数据已更新 55 天 9 小时前
2025-06-10 09:10:03,268 - __main__ - INFO - 股票 YINN 的最后更新日期为: 2025-04-16 00:00:00
2025-06-10 09:10:03,268 - __main__ - INFO - 将获取股票 YINN 从 2025-04-17 到 2025-06-10 的数据
2025-06-10 09:10:03,683 - __main__ - ERROR - 更新股票 YINN 数据时出错: Too Many Requests. Rate limited. Try after a while.
2025-06-10 09:10:03,718 - __main__ - INFO - 处理股票 YUM，最后更新时间: 2025-04-16 00:00:00
2025-06-10 09:10:03,718 - __main__ - INFO - 股票 YUM 的数据已更新 55 天 9 小时前
2025-06-10 09:10:03,718 - __main__ - INFO - 股票 YUM 的最后更新日期为: 2025-04-16 00:00:00
2025-06-10 09:10:03,718 - __main__ - INFO - 将获取股票 YUM 从 2025-04-17 到 2025-06-10 的数据
2025-06-10 09:10:04,087 - __main__ - ERROR - 更新股票 YUM 数据时出错: Too Many Requests. Rate limited. Try after a while.
2025-06-10 09:10:04,117 - __main__ - INFO - 处理股票 ZBH，最后更新时间: 2025-04-16 00:00:00
2025-06-10 09:10:04,117 - __main__ - INFO - 股票 ZBH 的数据已更新 55 天 9 小时前
2025-06-10 09:10:04,117 - __main__ - INFO - 股票 ZBH 的最后更新日期为: 2025-04-16 00:00:00
2025-06-10 09:10:04,117 - __main__ - INFO - 将获取股票 ZBH 从 2025-04-17 到 2025-06-10 的数据
2025-06-10 09:10:04,540 - __main__ - ERROR - 更新股票 ZBH 数据时出错: Too Many Requests. Rate limited. Try after a while.
2025-06-10 09:10:04,567 - __main__ - INFO - 处理股票 ZBRA，最后更新时间: 2025-04-16 00:00:00
2025-06-10 09:10:04,567 - __main__ - INFO - 股票 ZBRA 的数据已更新 55 天 9 小时前
2025-06-10 09:10:04,568 - __main__ - INFO - 股票 ZBRA 的最后更新日期为: 2025-04-16 00:00:00
2025-06-10 09:10:04,568 - __main__ - INFO - 将获取股票 ZBRA 从 2025-04-17 到 2025-06-10 的数据
2025-06-10 09:10:04,954 - __main__ - ERROR - 更新股票 ZBRA 数据时出错: Too Many Requests. Rate limited. Try after a while.
2025-06-10 09:10:04,998 - __main__ - INFO - 处理股票 ZTS，最后更新时间: 2025-04-16 00:00:00
2025-06-10 09:10:04,998 - __main__ - INFO - 股票 ZTS 的数据已更新 55 天 9 小时前
2025-06-10 09:10:04,998 - __main__ - INFO - 股票 ZTS 的最后更新日期为: 2025-04-16 00:00:00
2025-06-10 09:10:04,999 - __main__ - INFO - 将获取股票 ZTS 从 2025-04-17 到 2025-06-10 的数据
2025-06-10 09:10:05,366 - __main__ - ERROR - 更新股票 ZTS 数据时出错: Too Many Requests. Rate limited. Try after a while.
2025-06-10 09:10:06,019 - __main__ - INFO - 处理股票 GDDY，最后更新时间: 2025-04-16 00:00:00
2025-06-10 09:10:06,019 - __main__ - INFO - 股票 GDDY 的数据已更新 55 天 9 小时前
2025-06-10 09:10:06,019 - __main__ - INFO - 股票 GDDY 的最后更新日期为: 2025-04-16 00:00:00
2025-06-10 09:10:06,019 - __main__ - INFO - 将获取股票 GDDY 从 2025-04-17 到 2025-06-10 的数据
2025-06-10 09:10:06,474 - __main__ - ERROR - 更新股票 GDDY 数据时出错: Too Many Requests. Rate limited. Try after a while.
2025-06-10 09:10:06,561 - __main__ - INFO - 处理股票 CHAU，最后更新时间: 2025-04-16 00:00:00
2025-06-10 09:10:06,561 - __main__ - INFO - 股票 CHAU 的数据已更新 55 天 9 小时前
2025-06-10 09:10:06,562 - __main__ - INFO - 股票 CHAU 的最后更新日期为: 2025-04-16 00:00:00
2025-06-10 09:10:06,562 - __main__ - INFO - 将获取股票 CHAU 从 2025-04-17 到 2025-06-10 的数据
2025-06-10 09:10:06,961 - __main__ - ERROR - 更新股票 CHAU 数据时出错: Too Many Requests. Rate limited. Try after a while.
2025-06-10 09:10:07,697 - __main__ - INFO - 处理股票 KHC，最后更新时间: 2025-04-16 00:00:00
2025-06-10 09:10:07,697 - __main__ - INFO - 股票 KHC 的数据已更新 55 天 9 小时前
2025-06-10 09:10:07,698 - __main__ - INFO - 股票 KHC 的最后更新日期为: 2025-04-16 00:00:00
2025-06-10 09:10:07,698 - __main__ - INFO - 将获取股票 KHC 从 2025-04-17 到 2025-06-10 的数据
2025-06-10 09:10:08,077 - __main__ - ERROR - 更新股票 KHC 数据时出错: Too Many Requests. Rate limited. Try after a while.
2025-06-10 09:10:08,199 - __main__ - INFO - 处理股票 PYPL，最后更新时间: 2025-04-16 00:00:00
2025-06-10 09:10:08,199 - __main__ - INFO - 股票 PYPL 的数据已更新 55 天 9 小时前
2025-06-10 09:10:08,200 - __main__ - INFO - 股票 PYPL 的最后更新日期为: 2025-04-16 00:00:00
2025-06-10 09:10:08,200 - __main__ - INFO - 将获取股票 PYPL 从 2025-04-17 到 2025-06-10 的数据
2025-06-10 09:10:08,592 - __main__ - ERROR - 更新股票 PYPL 数据时出错: Too Many Requests. Rate limited. Try after a while.
2025-06-10 09:10:08,654 - __main__ - INFO - 处理股票 HPE，最后更新时间: 2025-04-16 00:00:00
2025-06-10 09:10:08,654 - __main__ - INFO - 股票 HPE 的数据已更新 55 天 9 小时前
2025-06-10 09:10:08,654 - __main__ - INFO - 股票 HPE 的最后更新日期为: 2025-04-16 00:00:00
2025-06-10 09:10:08,654 - __main__ - INFO - 将获取股票 HPE 从 2025-04-17 到 2025-06-10 的数据
2025-06-10 09:10:09,421 - __main__ - ERROR - 更新股票 HPE 数据时出错: Too Many Requests. Rate limited. Try after a while.
2025-06-10 09:10:09,472 - __main__ - INFO - 处理股票 TEAM，最后更新时间: 2025-04-16 00:00:00
2025-06-10 09:10:09,472 - __main__ - INFO - 股票 TEAM 的数据已更新 55 天 9 小时前
2025-06-10 09:10:09,472 - __main__ - INFO - 股票 TEAM 的最后更新日期为: 2025-04-16 00:00:00
2025-06-10 09:10:09,472 - __main__ - INFO - 将获取股票 TEAM 从 2025-04-17 到 2025-06-10 的数据
2025-06-10 09:10:10,173 - __main__ - ERROR - 更新股票 TEAM 数据时出错: Too Many Requests. Rate limited. Try after a while.
2025-06-10 09:10:10,243 - __main__ - INFO - 处理股票 FTV，最后更新时间: 2025-04-16 00:00:00
2025-06-10 09:10:10,244 - __main__ - INFO - 股票 FTV 的数据已更新 55 天 9 小时前
2025-06-10 09:10:10,244 - __main__ - INFO - 股票 FTV 的最后更新日期为: 2025-04-16 00:00:00
2025-06-10 09:10:10,244 - __main__ - INFO - 将获取股票 FTV 从 2025-04-17 到 2025-06-10 的数据
2025-06-10 09:10:10,674 - __main__ - ERROR - 更新股票 FTV 数据时出错: Too Many Requests. Rate limited. Try after a while.
2025-06-10 09:10:10,723 - __main__ - INFO - 处理股票 DELL，最后更新时间: 2025-04-16 00:00:00
2025-06-10 09:10:10,724 - __main__ - INFO - 股票 DELL 的数据已更新 55 天 9 小时前
2025-06-10 09:10:10,724 - __main__ - INFO - 股票 DELL 的最后更新日期为: 2025-04-16 00:00:00
2025-06-10 09:10:10,724 - __main__ - INFO - 将获取股票 DELL 从 2025-04-17 到 2025-06-10 的数据
2025-06-10 09:10:11,241 - __main__ - ERROR - 更新股票 DELL 数据时出错: Too Many Requests. Rate limited. Try after a while.
2025-06-10 09:10:11,298 - __main__ - INFO - 处理股票 TTD，最后更新时间: 2025-04-16 00:00:00
2025-06-10 09:10:11,298 - __main__ - INFO - 股票 TTD 的数据已更新 55 天 9 小时前
2025-06-10 09:10:11,298 - __main__ - INFO - 股票 TTD 的最后更新日期为: 2025-04-16 00:00:00
2025-06-10 09:10:11,298 - __main__ - INFO - 将获取股票 TTD 从 2025-04-17 到 2025-06-10 的数据
2025-06-10 09:10:11,683 - __main__ - ERROR - 更新股票 TTD 数据时出错: Too Many Requests. Rate limited. Try after a while.
2025-06-10 09:10:11,721 - __main__ - INFO - 处理股票 ELF，最后更新时间: 2025-04-16 00:00:00
2025-06-10 09:10:11,722 - __main__ - INFO - 股票 ELF 的数据已更新 55 天 9 小时前
2025-06-10 09:10:11,722 - __main__ - INFO - 股票 ELF 的最后更新日期为: 2025-04-16 00:00:00
2025-06-10 09:10:11,722 - __main__ - INFO - 将获取股票 ELF 从 2025-04-17 到 2025-06-10 的数据
2025-06-10 09:10:12,102 - __main__ - ERROR - 更新股票 ELF 数据时出错: Too Many Requests. Rate limited. Try after a while.
2025-06-10 09:10:12,158 - __main__ - INFO - 处理股票 VST，最后更新时间: 2025-04-16 00:00:00
2025-06-10 09:10:12,158 - __main__ - INFO - 股票 VST 的数据已更新 55 天 9 小时前
2025-06-10 09:10:12,158 - __main__ - INFO - 股票 VST 的最后更新日期为: 2025-04-16 00:00:00
2025-06-10 09:10:12,158 - __main__ - INFO - 将获取股票 VST 从 2025-04-17 到 2025-06-10 的数据
2025-06-10 09:10:12,570 - __main__ - ERROR - 更新股票 VST 数据时出错: Too Many Requests. Rate limited. Try after a while.
2025-06-10 09:10:12,642 - __main__ - INFO - 处理股票 HWM，最后更新时间: 2025-04-16 00:00:00
2025-06-10 09:10:12,642 - __main__ - INFO - 股票 HWM 的数据已更新 55 天 9 小时前
2025-06-10 09:10:12,642 - __main__ - INFO - 股票 HWM 的最后更新日期为: 2025-04-16 00:00:00
2025-06-10 09:10:12,642 - __main__ - INFO - 将获取股票 HWM 从 2025-04-17 到 2025-06-10 的数据
2025-06-10 09:10:13,014 - __main__ - ERROR - 更新股票 HWM 数据时出错: Too Many Requests. Rate limited. Try after a while.
2025-06-10 09:10:13,062 - __main__ - INFO - 处理股票 CWEB，最后更新时间: 2025-04-16 00:00:00
2025-06-10 09:10:13,062 - __main__ - INFO - 股票 CWEB 的数据已更新 55 天 9 小时前
2025-06-10 09:10:13,062 - __main__ - INFO - 股票 CWEB 的最后更新日期为: 2025-04-16 00:00:00
2025-06-10 09:10:13,062 - __main__ - INFO - 将获取股票 CWEB 从 2025-04-17 到 2025-06-10 的数据
2025-06-10 09:10:13,420 - __main__ - ERROR - 更新股票 CWEB 数据时出错: Too Many Requests. Rate limited. Try after a while.
2025-06-10 09:10:13,546 - __main__ - INFO - 处理股票 LW，最后更新时间: 2025-04-16 00:00:00
2025-06-10 09:10:13,546 - __main__ - INFO - 股票 LW 的数据已更新 55 天 9 小时前
2025-06-10 09:10:13,547 - __main__ - INFO - 股票 LW 的最后更新日期为: 2025-04-16 00:00:00
2025-06-10 09:10:13,547 - __main__ - INFO - 将获取股票 LW 从 2025-04-17 到 2025-06-10 的数据
2025-06-10 09:10:13,943 - __main__ - ERROR - 更新股票 LW 数据时出错: Too Many Requests. Rate limited. Try after a while.
2025-06-10 09:10:14,221 - __main__ - INFO - 处理股票 INVH，最后更新时间: 2025-04-16 00:00:00
2025-06-10 09:10:14,221 - __main__ - INFO - 股票 INVH 的数据已更新 55 天 9 小时前
2025-06-10 09:10:14,222 - __main__ - INFO - 股票 INVH 的最后更新日期为: 2025-04-16 00:00:00
2025-06-10 09:10:14,222 - __main__ - INFO - 将获取股票 INVH 从 2025-04-17 到 2025-06-10 的数据
2025-06-10 09:10:14,608 - __main__ - ERROR - 更新股票 INVH 数据时出错: Too Many Requests. Rate limited. Try after a while.
2025-06-10 09:10:14,653 - __main__ - INFO - 处理股票 IR，最后更新时间: 2025-04-16 00:00:00
2025-06-10 09:10:14,653 - __main__ - INFO - 股票 IR 的数据已更新 55 天 9 小时前
2025-06-10 09:10:14,653 - __main__ - INFO - 股票 IR 的最后更新日期为: 2025-04-16 00:00:00
2025-06-10 09:10:14,653 - __main__ - INFO - 将获取股票 IR 从 2025-04-17 到 2025-06-10 的数据
2025-06-10 09:10:15,027 - __main__ - ERROR - 更新股票 IR 数据时出错: Too Many Requests. Rate limited. Try after a while.
2025-06-10 09:10:15,091 - __main__ - INFO - 处理股票 MDB，最后更新时间: 2025-04-16 00:00:00
2025-06-10 09:10:15,091 - __main__ - INFO - 股票 MDB 的数据已更新 55 天 9 小时前
2025-06-10 09:10:15,092 - __main__ - INFO - 股票 MDB 的最后更新日期为: 2025-04-16 00:00:00
2025-06-10 09:10:15,092 - __main__ - INFO - 将获取股票 MDB 从 2025-04-17 到 2025-06-10 的数据
2025-06-10 09:10:15,470 - __main__ - ERROR - 更新股票 MDB 数据时出错: Too Many Requests. Rate limited. Try after a while.
2025-06-10 09:10:15,545 - __main__ - INFO - 处理股票 VICI，最后更新时间: 2025-04-16 00:00:00
2025-06-10 09:10:15,545 - __main__ - INFO - 股票 VICI 的数据已更新 55 天 9 小时前
2025-06-10 09:10:15,546 - __main__ - INFO - 股票 VICI 的最后更新日期为: 2025-04-16 00:00:00
2025-06-10 09:10:15,546 - __main__ - INFO - 将获取股票 VICI 从 2025-04-17 到 2025-06-10 的数据
2025-06-10 09:10:15,918 - __main__ - ERROR - 更新股票 VICI 数据时出错: Too Many Requests. Rate limited. Try after a while.
2025-06-10 09:10:15,963 - __main__ - INFO - 处理股票 ZS，最后更新时间: 2025-04-16 00:00:00
2025-06-10 09:10:15,963 - __main__ - INFO - 股票 ZS 的数据已更新 55 天 9 小时前
2025-06-10 09:10:15,963 - __main__ - INFO - 股票 ZS 的最后更新日期为: 2025-04-16 00:00:00
2025-06-10 09:10:15,964 - __main__ - INFO - 将获取股票 ZS 从 2025-04-17 到 2025-06-10 的数据
2025-06-10 09:10:16,329 - __main__ - ERROR - 更新股票 ZS 数据时出错: Too Many Requests. Rate limited. Try after a while.
2025-06-10 09:10:16,406 - __main__ - INFO - 处理股票 DAY，最后更新时间: 2025-04-16 00:00:00
2025-06-10 09:10:16,406 - __main__ - INFO - 股票 DAY 的数据已更新 55 天 9 小时前
2025-06-10 09:10:16,406 - __main__ - INFO - 股票 DAY 的最后更新日期为: 2025-04-16 00:00:00
2025-06-10 09:10:16,406 - __main__ - INFO - 将获取股票 DAY 从 2025-04-17 到 2025-06-10 的数据
2025-06-10 09:10:16,769 - __main__ - ERROR - 更新股票 DAY 数据时出错: Too Many Requests. Rate limited. Try after a while.
2025-06-10 09:10:16,844 - __main__ - INFO - 处理股票 PDD，最后更新时间: 2025-04-16 00:00:00
2025-06-10 09:10:16,844 - __main__ - INFO - 股票 PDD 的数据已更新 55 天 9 小时前
2025-06-10 09:10:16,844 - __main__ - INFO - 股票 PDD 的最后更新日期为: 2025-04-16 00:00:00
2025-06-10 09:10:16,845 - __main__ - INFO - 将获取股票 PDD 从 2025-04-17 到 2025-06-10 的数据
2025-06-10 09:10:17,704 - __main__ - ERROR - 更新股票 PDD 数据时出错: Too Many Requests. Rate limited. Try after a while.
2025-06-10 09:10:17,747 - __main__ - INFO - 处理股票 MRNA，最后更新时间: 2025-04-16 00:00:00
2025-06-10 09:10:17,747 - __main__ - INFO - 股票 MRNA 的数据已更新 55 天 9 小时前
2025-06-10 09:10:17,747 - __main__ - INFO - 股票 MRNA 的最后更新日期为: 2025-04-16 00:00:00
2025-06-10 09:10:17,747 - __main__ - INFO - 将获取股票 MRNA 从 2025-04-17 到 2025-06-10 的数据
2025-06-10 09:10:18,498 - __main__ - ERROR - 更新股票 MRNA 数据时出错: Too Many Requests. Rate limited. Try after a while.
2025-06-10 09:10:18,541 - __main__ - INFO - 处理股票 FOXA，最后更新时间: 2025-04-16 00:00:00
2025-06-10 09:10:18,541 - __main__ - INFO - 股票 FOXA 的数据已更新 55 天 9 小时前
2025-06-10 09:10:18,541 - __main__ - INFO - 股票 FOXA 的最后更新日期为: 2025-04-16 00:00:00
2025-06-10 09:10:18,541 - __main__ - INFO - 将获取股票 FOXA 从 2025-04-17 到 2025-06-10 的数据
2025-06-10 09:10:19,322 - __main__ - ERROR - 更新股票 FOXA 数据时出错: Too Many Requests. Rate limited. Try after a while.
2025-06-10 09:10:19,366 - __main__ - INFO - 处理股票 FOX，最后更新时间: 2025-04-16 00:00:00
2025-06-10 09:10:19,366 - __main__ - INFO - 股票 FOX 的数据已更新 55 天 9 小时前
2025-06-10 09:10:19,366 - __main__ - INFO - 股票 FOX 的最后更新日期为: 2025-04-16 00:00:00
2025-06-10 09:10:19,367 - __main__ - INFO - 将获取股票 FOX 从 2025-04-17 到 2025-06-10 的数据
2025-06-10 09:10:20,279 - __main__ - ERROR - 更新股票 FOX 数据时出错: Too Many Requests. Rate limited. Try after a while.
2025-06-10 09:10:20,322 - __main__ - INFO - 处理股票 DOW，最后更新时间: 2025-04-16 00:00:00
2025-06-10 09:10:20,322 - __main__ - INFO - 股票 DOW 的数据已更新 55 天 9 小时前
2025-06-10 09:10:20,322 - __main__ - INFO - 股票 DOW 的最后更新日期为: 2025-04-16 00:00:00
2025-06-10 09:10:20,322 - __main__ - INFO - 将获取股票 DOW 从 2025-04-17 到 2025-06-10 的数据
2025-06-10 09:10:21,401 - __main__ - ERROR - 更新股票 DOW 数据时出错: Too Many Requests. Rate limited. Try after a while.
2025-06-10 09:10:21,445 - __main__ - INFO - 处理股票 TMDX，最后更新时间: 2025-04-16 00:00:00
2025-06-10 09:10:21,445 - __main__ - INFO - 股票 TMDX 的数据已更新 55 天 9 小时前
2025-06-10 09:10:21,445 - __main__ - INFO - 股票 TMDX 的最后更新日期为: 2025-04-16 00:00:00
2025-06-10 09:10:21,445 - __main__ - INFO - 将获取股票 TMDX 从 2025-04-17 到 2025-06-10 的数据
2025-06-10 09:10:22,464 - __main__ - ERROR - 更新股票 TMDX 数据时出错: Too Many Requests. Rate limited. Try after a while.
2025-06-10 09:10:22,510 - __main__ - INFO - 处理股票 UBER，最后更新时间: 2025-04-16 00:00:00
2025-06-10 09:10:22,511 - __main__ - INFO - 股票 UBER 的数据已更新 55 天 9 小时前
2025-06-10 09:10:22,511 - __main__ - INFO - 股票 UBER 的最后更新日期为: 2025-04-16 00:00:00
2025-06-10 09:10:22,511 - __main__ - INFO - 将获取股票 UBER 从 2025-04-17 到 2025-06-10 的数据
2025-06-10 09:10:23,343 - __main__ - ERROR - 更新股票 UBER 数据时出错: Too Many Requests. Rate limited. Try after a while.
2025-06-10 09:10:23,372 - __main__ - INFO - 处理股票 CTVA，最后更新时间: 2025-04-16 00:00:00
2025-06-10 09:10:23,373 - __main__ - INFO - 股票 CTVA 的数据已更新 55 天 9 小时前
2025-06-10 09:10:23,373 - __main__ - INFO - 股票 CTVA 的最后更新日期为: 2025-04-16 00:00:00
2025-06-10 09:10:23,373 - __main__ - INFO - 将获取股票 CTVA 从 2025-04-17 到 2025-06-10 的数据
2025-06-10 09:10:24,293 - __main__ - ERROR - 更新股票 CTVA 数据时出错: Too Many Requests. Rate limited. Try after a while.
2025-06-10 09:10:24,320 - __main__ - INFO - 处理股票 CRWD，最后更新时间: 2025-04-16 00:00:00
2025-06-10 09:10:24,321 - __main__ - INFO - 股票 CRWD 的数据已更新 55 天 9 小时前
2025-06-10 09:10:24,321 - __main__ - INFO - 股票 CRWD 的最后更新日期为: 2025-04-16 00:00:00
2025-06-10 09:10:24,321 - __main__ - INFO - 将获取股票 CRWD 从 2025-04-17 到 2025-06-10 的数据
2025-06-10 09:10:25,228 - __main__ - ERROR - 更新股票 CRWD 数据时出错: Too Many Requests. Rate limited. Try after a while.
2025-06-10 09:10:25,262 - __main__ - INFO - 处理股票 DDOG，最后更新时间: 2025-04-16 00:00:00
2025-06-10 09:10:25,262 - __main__ - INFO - 股票 DDOG 的数据已更新 55 天 9 小时前
2025-06-10 09:10:25,262 - __main__ - INFO - 股票 DDOG 的最后更新日期为: 2025-04-16 00:00:00
2025-06-10 09:10:25,262 - __main__ - INFO - 将获取股票 DDOG 从 2025-04-17 到 2025-06-10 的数据
2025-06-10 09:10:26,017 - __main__ - ERROR - 更新股票 DDOG 数据时出错: Too Many Requests. Rate limited. Try after a while.
2025-06-10 09:10:26,062 - __main__ - INFO - 处理股票 CARR，最后更新时间: 2025-04-16 00:00:00
2025-06-10 09:10:26,062 - __main__ - INFO - 股票 CARR 的数据已更新 55 天 9 小时前
2025-06-10 09:10:26,062 - __main__ - INFO - 股票 CARR 的最后更新日期为: 2025-04-16 00:00:00
2025-06-10 09:10:26,062 - __main__ - INFO - 将获取股票 CARR 从 2025-04-17 到 2025-06-10 的数据
2025-06-10 09:10:26,879 - __main__ - ERROR - 更新股票 CARR 数据时出错: Too Many Requests. Rate limited. Try after a while.
2025-06-10 09:10:26,959 - __main__ - INFO - 处理股票 OTIS，最后更新时间: 2025-04-16 00:00:00
2025-06-10 09:10:26,959 - __main__ - INFO - 股票 OTIS 的数据已更新 55 天 9 小时前
2025-06-10 09:10:26,959 - __main__ - INFO - 股票 OTIS 的最后更新日期为: 2025-04-16 00:00:00
2025-06-10 09:10:26,959 - __main__ - INFO - 将获取股票 OTIS 从 2025-04-17 到 2025-06-10 的数据
2025-06-10 09:10:27,728 - __main__ - ERROR - 更新股票 OTIS 数据时出错: Too Many Requests. Rate limited. Try after a while.
2025-06-10 09:10:27,768 - __main__ - INFO - 处理股票 PLTR，最后更新时间: 2025-04-16 00:00:00
2025-06-10 09:10:27,769 - __main__ - INFO - 股票 PLTR 的数据已更新 55 天 9 小时前
2025-06-10 09:10:27,769 - __main__ - INFO - 股票 PLTR 的最后更新日期为: 2025-04-16 00:00:00
2025-06-10 09:10:27,769 - __main__ - INFO - 将获取股票 PLTR 从 2025-04-17 到 2025-06-10 的数据
2025-06-10 09:10:28,471 - __main__ - ERROR - 更新股票 PLTR 数据时出错: Too Many Requests. Rate limited. Try after a while.
2025-06-10 09:10:28,521 - __main__ - INFO - 处理股票 ABNB，最后更新时间: 2025-04-16 00:00:00
2025-06-10 09:10:28,521 - __main__ - INFO - 股票 ABNB 的数据已更新 55 天 9 小时前
2025-06-10 09:10:28,521 - __main__ - INFO - 股票 ABNB 的最后更新日期为: 2025-04-16 00:00:00
2025-06-10 09:10:28,521 - __main__ - INFO - 将获取股票 ABNB 从 2025-04-17 到 2025-06-10 的数据
2025-06-10 09:10:28,837 - __main__ - ERROR - 更新股票 ABNB 数据时出错: Too Many Requests. Rate limited. Try after a while.
2025-06-10 09:10:28,894 - __main__ - INFO - 处理股票 SOFI，最后更新时间: 2025-04-16 00:00:00
2025-06-10 09:10:28,894 - __main__ - INFO - 股票 SOFI 的数据已更新 55 天 9 小时前
2025-06-10 09:10:28,894 - __main__ - INFO - 股票 SOFI 的最后更新日期为: 2025-04-16 00:00:00
2025-06-10 09:10:28,895 - __main__ - INFO - 将获取股票 SOFI 从 2025-04-17 到 2025-06-10 的数据
2025-06-10 09:10:29,337 - __main__ - ERROR - 更新股票 SOFI 数据时出错: Too Many Requests. Rate limited. Try after a while.
2025-06-10 09:10:29,395 - __main__ - INFO - 处理股票 HNST，最后更新时间: 2025-04-16 00:00:00
2025-06-10 09:10:29,395 - __main__ - INFO - 股票 HNST 的数据已更新 55 天 9 小时前
2025-06-10 09:10:29,395 - __main__ - INFO - 股票 HNST 的最后更新日期为: 2025-04-16 00:00:00
2025-06-10 09:10:29,395 - __main__ - INFO - 将获取股票 HNST 从 2025-04-17 到 2025-06-10 的数据
2025-06-10 09:10:29,791 - __main__ - ERROR - 更新股票 HNST 数据时出错: Too Many Requests. Rate limited. Try after a while.
2025-06-10 09:10:29,819 - __main__ - INFO - 处理股票 DASH，最后更新时间: 2025-04-16 00:00:00
2025-06-10 09:10:29,819 - __main__ - INFO - 股票 DASH 的数据已更新 55 天 9 小时前
2025-06-10 09:10:29,819 - __main__ - INFO - 股票 DASH 的最后更新日期为: 2025-04-16 00:00:00
2025-06-10 09:10:29,819 - __main__ - INFO - 将获取股票 DASH 从 2025-04-17 到 2025-06-10 的数据
2025-06-10 09:10:30,191 - __main__ - ERROR - 更新股票 DASH 数据时出错: Too Many Requests. Rate limited. Try after a while.
2025-06-10 09:10:30,218 - __main__ - INFO - 处理股票 GFS，最后更新时间: 2025-04-16 00:00:00
2025-06-10 09:10:30,218 - __main__ - INFO - 股票 GFS 的数据已更新 55 天 9 小时前
2025-06-10 09:10:30,218 - __main__ - INFO - 股票 GFS 的最后更新日期为: 2025-04-16 00:00:00
2025-06-10 09:10:30,218 - __main__ - INFO - 将获取股票 GFS 从 2025-04-17 到 2025-06-10 的数据
2025-06-10 09:10:30,670 - __main__ - ERROR - 更新股票 GFS 数据时出错: Too Many Requests. Rate limited. Try after a while.
2025-06-10 09:10:30,715 - __main__ - INFO - 处理股票 CEG，最后更新时间: 2025-04-16 00:00:00
2025-06-10 09:10:30,715 - __main__ - INFO - 股票 CEG 的数据已更新 55 天 9 小时前
2025-06-10 09:10:30,715 - __main__ - INFO - 股票 CEG 的最后更新日期为: 2025-04-16 00:00:00
2025-06-10 09:10:30,715 - __main__ - INFO - 将获取股票 CEG 从 2025-04-17 到 2025-06-10 的数据
2025-06-10 09:10:31,087 - __main__ - ERROR - 更新股票 CEG 数据时出错: Too Many Requests. Rate limited. Try after a while.
2025-06-10 09:10:31,116 - __main__ - INFO - 处理股票 CONL，最后更新时间: 2025-04-16 00:00:00
2025-06-10 09:10:31,116 - __main__ - INFO - 股票 CONL 的数据已更新 55 天 9 小时前
2025-06-10 09:10:31,116 - __main__ - INFO - 股票 CONL 的最后更新日期为: 2025-04-16 00:00:00
2025-06-10 09:10:31,116 - __main__ - INFO - 将获取股票 CONL 从 2025-04-17 到 2025-06-10 的数据
2025-06-10 09:10:31,484 - __main__ - ERROR - 更新股票 CONL 数据时出错: Too Many Requests. Rate limited. Try after a while.
2025-06-10 09:10:31,510 - __main__ - INFO - 处理股票 TSLY，最后更新时间: 2025-04-16 00:00:00
2025-06-10 09:10:31,511 - __main__ - INFO - 股票 TSLY 的数据已更新 55 天 9 小时前
2025-06-10 09:10:31,511 - __main__ - INFO - 股票 TSLY 的最后更新日期为: 2025-04-16 00:00:00
2025-06-10 09:10:31,511 - __main__ - INFO - 将获取股票 TSLY 从 2025-04-17 到 2025-06-10 的数据
2025-06-10 09:10:31,892 - __main__ - ERROR - 更新股票 TSLY 数据时出错: Too Many Requests. Rate limited. Try after a while.
2025-06-10 09:10:31,923 - __main__ - INFO - 处理股票 NVDL，最后更新时间: 2025-04-16 00:00:00
2025-06-10 09:10:31,923 - __main__ - INFO - 股票 NVDL 的数据已更新 55 天 9 小时前
2025-06-10 09:10:31,923 - __main__ - INFO - 股票 NVDL 的最后更新日期为: 2025-04-16 00:00:00
2025-06-10 09:10:31,923 - __main__ - INFO - 将获取股票 NVDL 从 2025-04-17 到 2025-06-10 的数据
2025-06-10 09:10:32,319 - __main__ - ERROR - 更新股票 NVDL 数据时出错: Too Many Requests. Rate limited. Try after a while.
2025-06-10 09:10:32,397 - __main__ - INFO - 处理股票 GEHC，最后更新时间: 2025-04-16 00:00:00
2025-06-10 09:10:32,397 - __main__ - INFO - 股票 GEHC 的数据已更新 55 天 9 小时前
2025-06-10 09:10:32,397 - __main__ - INFO - 股票 GEHC 的最后更新日期为: 2025-04-16 00:00:00
2025-06-10 09:10:32,397 - __main__ - INFO - 将获取股票 GEHC 从 2025-04-17 到 2025-06-10 的数据
2025-06-10 09:10:32,765 - __main__ - ERROR - 更新股票 GEHC 数据时出错: Too Many Requests. Rate limited. Try after a while.
2025-06-10 09:10:32,820 - __main__ - INFO - 处理股票 KVUE，最后更新时间: 2025-04-16 00:00:00
2025-06-10 09:10:32,820 - __main__ - INFO - 股票 KVUE 的数据已更新 55 天 9 小时前
2025-06-10 09:10:32,820 - __main__ - INFO - 股票 KVUE 的最后更新日期为: 2025-04-16 00:00:00
2025-06-10 09:10:32,820 - __main__ - INFO - 将获取股票 KVUE 从 2025-04-17 到 2025-06-10 的数据
2025-06-10 09:10:33,338 - __main__ - ERROR - 更新股票 KVUE 数据时出错: Too Many Requests. Rate limited. Try after a while.
2025-06-10 09:10:33,368 - __main__ - INFO - 处理股票 NVDY，最后更新时间: 2025-04-16 00:00:00
2025-06-10 09:10:33,368 - __main__ - INFO - 股票 NVDY 的数据已更新 55 天 9 小时前
2025-06-10 09:10:33,369 - __main__ - INFO - 股票 NVDY 的最后更新日期为: 2025-04-16 00:00:00
2025-06-10 09:10:33,369 - __main__ - INFO - 将获取股票 NVDY 从 2025-04-17 到 2025-06-10 的数据
2025-06-10 09:10:33,753 - __main__ - ERROR - 更新股票 NVDY 数据时出错: Too Many Requests. Rate limited. Try after a while.
2025-06-10 09:10:33,798 - __main__ - INFO - 处理股票 NVDD，最后更新时间: 2025-04-16 00:00:00
2025-06-10 09:10:33,798 - __main__ - INFO - 股票 NVDD 的数据已更新 55 天 9 小时前
2025-06-10 09:10:33,798 - __main__ - INFO - 股票 NVDD 的最后更新日期为: 2025-04-16 00:00:00
2025-06-10 09:10:33,798 - __main__ - INFO - 将获取股票 NVDD 从 2025-04-17 到 2025-06-10 的数据
2025-06-10 09:10:34,193 - __main__ - ERROR - 更新股票 NVDD 数据时出错: Too Many Requests. Rate limited. Try after a while.
2025-06-10 09:10:34,242 - __main__ - INFO - 处理股票 ARM，最后更新时间: 2025-04-16 00:00:00
2025-06-10 09:10:34,242 - __main__ - INFO - 股票 ARM 的数据已更新 55 天 9 小时前
2025-06-10 09:10:34,242 - __main__ - INFO - 股票 ARM 的最后更新日期为: 2025-04-16 00:00:00
2025-06-10 09:10:34,242 - __main__ - INFO - 将获取股票 ARM 从 2025-04-17 到 2025-06-10 的数据
2025-06-10 09:10:34,661 - __main__ - ERROR - 更新股票 ARM 数据时出错: Too Many Requests. Rate limited. Try after a while.
2025-06-10 09:10:34,711 - __main__ - INFO - 处理股票 VLTO，最后更新时间: 2025-04-16 00:00:00
2025-06-10 09:10:34,711 - __main__ - INFO - 股票 VLTO 的数据已更新 55 天 9 小时前
2025-06-10 09:10:34,711 - __main__ - INFO - 股票 VLTO 的最后更新日期为: 2025-04-16 00:00:00
2025-06-10 09:10:34,711 - __main__ - INFO - 将获取股票 VLTO 从 2025-04-17 到 2025-06-10 的数据
2025-06-10 09:10:35,096 - __main__ - ERROR - 更新股票 VLTO 数据时出错: Too Many Requests. Rate limited. Try after a while.
2025-06-10 09:10:35,211 - __main__ - INFO - 处理股票 IWMY，最后更新时间: 2025-04-16 00:00:00
2025-06-10 09:10:35,212 - __main__ - INFO - 股票 IWMY 的数据已更新 55 天 9 小时前
2025-06-10 09:10:35,212 - __main__ - INFO - 股票 IWMY 的最后更新日期为: 2025-04-16 00:00:00
2025-06-10 09:10:35,212 - __main__ - INFO - 将获取股票 IWMY 从 2025-04-17 到 2025-06-10 的数据
2025-06-10 09:10:35,606 - __main__ - ERROR - 更新股票 IWMY 数据时出错: Too Many Requests. Rate limited. Try after a while.
2025-06-10 09:10:35,650 - __main__ - INFO - 处理股票 YMAX，最后更新时间: 2025-04-16 00:00:00
2025-06-10 09:10:35,650 - __main__ - INFO - 股票 YMAX 的数据已更新 55 天 9 小时前
2025-06-10 09:10:35,650 - __main__ - INFO - 股票 YMAX 的最后更新日期为: 2025-04-16 00:00:00
2025-06-10 09:10:35,650 - __main__ - INFO - 将获取股票 YMAX 从 2025-04-17 到 2025-06-10 的数据
2025-06-10 09:10:36,003 - __main__ - ERROR - 更新股票 YMAX 数据时出错: Too Many Requests. Rate limited. Try after a while.
2025-06-10 09:10:36,041 - __main__ - INFO - 处理股票 YMAG，最后更新时间: 2025-04-16 00:00:00
2025-06-10 09:10:36,041 - __main__ - INFO - 股票 YMAG 的数据已更新 55 天 9 小时前
2025-06-10 09:10:36,041 - __main__ - INFO - 股票 YMAG 的最后更新日期为: 2025-04-16 00:00:00
2025-06-10 09:10:36,041 - __main__ - INFO - 将获取股票 YMAG 从 2025-04-17 到 2025-06-10 的数据
2025-06-10 09:10:36,434 - __main__ - ERROR - 更新股票 YMAG 数据时出错: Too Many Requests. Rate limited. Try after a while.
2025-06-10 09:10:36,465 - __main__ - INFO - 处理股票 ULTY，最后更新时间: 2025-04-16 00:00:00
2025-06-10 09:10:36,465 - __main__ - INFO - 股票 ULTY 的数据已更新 55 天 9 小时前
2025-06-10 09:10:36,465 - __main__ - INFO - 股票 ULTY 的最后更新日期为: 2025-04-16 00:00:00
2025-06-10 09:10:36,465 - __main__ - INFO - 将获取股票 ULTY 从 2025-04-17 到 2025-06-10 的数据
2025-06-10 09:10:36,856 - __main__ - ERROR - 更新股票 ULTY 数据时出错: Too Many Requests. Rate limited. Try after a while.
2025-06-10 09:10:36,894 - __main__ - INFO - 处理股票 GEV，最后更新时间: 2025-04-16 00:00:00
2025-06-10 09:10:36,895 - __main__ - INFO - 股票 GEV 的数据已更新 55 天 9 小时前
2025-06-10 09:10:36,895 - __main__ - INFO - 股票 GEV 的最后更新日期为: 2025-04-16 00:00:00
2025-06-10 09:10:36,895 - __main__ - INFO - 将获取股票 GEV 从 2025-04-17 到 2025-06-10 的数据
2025-06-10 09:10:37,269 - __main__ - ERROR - 更新股票 GEV 数据时出错: Too Many Requests. Rate limited. Try after a while.
2025-06-10 09:10:37,319 - __main__ - INFO - 处理股票 SOLV，最后更新时间: 2025-04-16 00:00:00
2025-06-10 09:10:37,319 - __main__ - INFO - 股票 SOLV 的数据已更新 55 天 9 小时前
2025-06-10 09:10:37,319 - __main__ - INFO - 股票 SOLV 的最后更新日期为: 2025-04-16 00:00:00
2025-06-10 09:10:37,319 - __main__ - INFO - 将获取股票 SOLV 从 2025-04-17 到 2025-06-10 的数据
2025-06-10 09:10:37,716 - __main__ - ERROR - 更新股票 SOLV 数据时出错: Too Many Requests. Rate limited. Try after a while.
2025-06-10 09:10:37,760 - __main__ - INFO - 处理股票 SW，最后更新时间: 2025-04-16 00:00:00
2025-06-10 09:10:37,761 - __main__ - INFO - 股票 SW 的数据已更新 55 天 9 小时前
2025-06-10 09:10:37,761 - __main__ - INFO - 股票 SW 的最后更新日期为: 2025-04-16 00:00:00
2025-06-10 09:10:37,761 - __main__ - INFO - 将获取股票 SW 从 2025-04-17 到 2025-06-10 的数据
2025-06-10 09:10:38,124 - __main__ - ERROR - 更新股票 SW 数据时出错: Too Many Requests. Rate limited. Try after a while.
2025-06-10 09:10:38,171 - __main__ - INFO - 处理股票 AMTM，最后更新时间: 2025-04-16 00:00:00
2025-06-10 09:10:38,171 - __main__ - INFO - 股票 AMTM 的数据已更新 55 天 9 小时前
2025-06-10 09:10:38,171 - __main__ - INFO - 股票 AMTM 的最后更新日期为: 2025-04-16 00:00:00
2025-06-10 09:10:38,171 - __main__ - INFO - 将获取股票 AMTM 从 2025-04-17 到 2025-06-10 的数据
2025-06-10 09:10:38,521 - __main__ - ERROR - 更新股票 AMTM 数据时出错: Too Many Requests. Rate limited. Try after a while.
2025-06-10 09:10:38,522 - __main__ - INFO - 更新完成: 总计 573 只股票, 更新 0 只, 跳过 0 只, 失败 573 只, 共新增 0 条记录
2025-06-10 09:10:38,522 - __main__ - INFO - 股票数据处理完成 - 两个表已同步更新
