{
    "test_metrics": {
        "mse": 8877.505859375,
        "mae": 38.21388626098633,
        "strategy_correlations": [
            0.26856014273671425,
            -0.5497670082163637,
            0.0,
            -0.1449201943450464,
            -0.020637146106677183,
            0.07262722370432287
        ]
    },
    "best_val_loss": 2499.720860072545,
    "final_epoch": 16
}