{
    "test_metrics": {
        "mse": 8877.505859375,
        "mae": 38.21388626098633,
        "strategy_correlations": [
            0.2439296716948542,
            0.044973795760852545,
            0.0,
            0.14737629325007134,
            -0.26505970550211694,
            -0.03569719513752678
        ]
    },
    "best_val_loss": 2499.720860072545,
    "final_epoch": 16
}