{
    "test_metrics": {
        "mse": 8877.505859375,
        "mae": 38.21388626098633,
        "strategy_correlations": [
            0.14360092829404433,
            -0.25474179623445203,
            0.0,
            -0.12946380560659926,
            0.03213171499509947,
            0.09860102105213925
        ]
    },
    "best_val_loss": 2499.720860072545,
    "final_epoch": 16
}