{
    "test_metrics": {
        "mse": 8877.505859375,
        "mae": 38.21388626098633,
        "strategy_correlations": [
            0.06677291479538217,
            -0.5644513605098413,
            0.0,
            -0.13626395456367815,
            -0.17696374301120596,
            0.05242360632860056
        ]
    },
    "best_val_loss": 2499.720860072545,
    "final_epoch": 16
}