{
    "test_metrics": {
        "mse": 8877.505859375,
        "mae": 38.21388626098633,
        "strategy_correlations": [
            0.04314319632869177,
            -0.6195529545777446,
            0.0,
            -0.10557078040132942,
            -0.0399038462161234,
            -0.06106239261197031
        ]
    },
    "best_val_loss": 2499.720860072545,
    "final_epoch": 16
}