{
    "overall_mse": 0.04792728173226197,
    "overall_mae": 0.17075621483763076,
    "strategy_errors": {
        "GoldTriangleStrategy": {
            "mse": 0.1306618681949029,
            "mae": 0.2554234739145475
        },
        "MomentumStrategy": {
            "mse": 0.02319971444226832,
            "mae": 0.14216546810920136
        },
        "NiuniuStrategy": {
            "mse": 0.044589303943611845,
            "mae": 0.18448149374042375
        },
        "TDIStrategy": {
            "mse": 0.04309961452789734,
            "mae": 0.16650642326353182
        },
        "MarketForecastStrategy": {
            "mse": 0.018421818201389488,
            "mae": 0.12639274886192142
        },
        "CPGWStrategy": {
            "mse": 0.027591371083501886,
            "mae": 0.1495676811361585
        }
    }
}