{
    "test_metrics": {
        "mse": 8877.505859375,
        "mae": 38.21388626098633,
        "strategy_correlations": [
            -0.3063555813698097,
            -0.4209408277596672,
            0.0,
            -0.10120587418835363,
            -0.11909266022369326,
            0.00876798391729632
        ]
    },
    "best_val_loss": 2499.720860072545,
    "final_epoch": 16
}