{
    "test_metrics": {
        "mse": 8877.505859375,
        "mae": 38.21388626098633,
        "strategy_correlations": [
            -0.23932677353426346,
            -0.05727647846024214,
            0.0,
            -0.12191475097452907,
            0.11070211448570415,
            0.020286927298607236
        ]
    },
    "best_val_loss": 2499.720860072545,
    "final_epoch": 16
}