{
    "test_metrics": {
        "mse": 8877.505859375,
        "mae": 38.21388626098633,
        "strategy_correlations": [
            -0.15653545788633236,
            -0.4145559533698763,
            0.0,
            -0.1425046599381498,
            0.029569281832357092,
            0.05353503384222391
        ]
    },
    "best_val_loss": 2499.720860072545,
    "final_epoch": 16
}