{
    "timestamp": "2025-04-14 17:58:47",
    "results": {
        "initial_capital": 1000000.0,
        "final_capital": 1004755.0719198609,
        "total_return": 0.004755071919860798,
        "annual_return": 0.0037467159951918294,
        "sharpe_ratio": 0.6773999007895758,
        "max_drawdown": 0.007504088675132835,
        "win_rate": 1.0,
        "total_trades": 18
    },
    "params": {
        "position_size": 0.15939359979081677,
        "max_position": 115,
        "cooldown_period": 6,
        "stop_loss": 0.08362838889974757,
        "take_profit": 0.1627637366125534,
        "lookback_period": 14,
        "overbought": 70,
        "oversold": 30,
        "fast_ma": 5,
        "slow_ma": 20
    }
}