{
    "timestamp": "2025-04-14 20:31:14",
    "results": {
        "initial_capital": 1000000.0,
        "final_capital": 1000583.7868621827,
        "total_return": 0.0005837868621827447,
        "annual_return": 0.00046019231734217847,
        "sharpe_ratio": 0.12169019791572351,
        "max_drawdown": 0.005286914736811043,
        "win_rate": 1.0,
        "total_trades": 14
    },
    "params": {
        "position_size": 0.15,
        "max_position": 75,
        "cooldown_period": 7,
        "stop_loss": 0.08,
        "take_profit": 0.15,
        "lookback_period": 14,
        "overbought": 70,
        "oversold": 30,
        "fast_ma": 5,
        "slow_ma": 20
    }
}