{
    "test_metrics": {
        "mse": 8877.505859375,
        "mae": 38.21388626098633,
        "strategy_correlations": [
            0.033976914185095484,
            0.20147870704495588,
            0.0,
            0.09843964447981877,
            0.056456434613105046,
            -0.062311630612385975
        ]
    },
    "best_val_loss": 2499.720860072545,
    "final_epoch": 16
}