{
    "test_metrics": {
        "mse": 8877.505859375,
        "mae": 38.21388626098633,
        "strategy_correlations": [
            0.29261529728587216,
            0.49650722055217467,
            0.0,
            -0.05349380567784497,
            0.04195165454178087,
            -0.08675834494352408
        ]
    },
    "best_val_loss": 2499.720860072545,
    "final_epoch": 16
}