{
    "test_metrics": {
        "mse": 8877.505859375,
        "mae": 38.21388626098633,
        "strategy_correlations": [
            -0.018129603827099234,
            -0.4866081773350791,
            0.0,
            -0.13120403512224357,
            -0.14519023981677176,
            0.04454696930019672
        ]
    },
    "best_val_loss": 2499.720860072545,
    "final_epoch": 16
}