{
    "test_metrics": {
        "mse": 8877.505859375,
        "mae": 38.21388626098633,
        "strategy_correlations": [
            -0.3056231647552922,
            -0.6572208170898493,
            0.0,
            -0.11710773519233363,
            -0.020656641387499546,
            0.09243447718540694
        ]
    },
    "best_val_loss": 2499.720860072545,
    "final_epoch": 16
}