{
    "test_metrics": {
        "mse": 8877.505859375,
        "mae": 38.21388626098633,
        "strategy_correlations": [
            0.2835438456586983,
            -0.2474811347668671,
            0.0,
            -0.10709049999943025,
            0.08841578096370226,
            -0.040943724485512575
        ]
    },
    "best_val_loss": 2499.720860072545,
    "final_epoch": 16
}