{
    "test_metrics": {
        "mse": 8877.505859375,
        "mae": 38.21388626098633,
        "strategy_correlations": [
            0.323188142694865,
            0.6324362631369933,
            0.0,
            0.0006014268699902724,
            0.00908217060962842,
            -0.0537429175098347
        ]
    },
    "best_val_loss": 2499.720860072545,
    "final_epoch": 16
}