{
    "test_metrics": {
        "mse": 8877.505859375,
        "mae": 38.21388626098633,
        "strategy_correlations": [
            0.24578916182349006,
            -0.3863579607483981,
            0.0,
            -0.007201804865917024,
            -0.03312401079883621,
            0.06679131458254918
        ]
    },
    "best_val_loss": 2499.720860072545,
    "final_epoch": 16
}