{
    "test_metrics": {
        "mse": 8877.505859375,
        "mae": 38.21388626098633,
        "strategy_correlations": [
            -0.056546035043979294,
            -0.23048573562306932,
            0.0,
            0.013295677195843233,
            -0.043041928867980285,
            -0.026097025690627267
        ]
    },
    "best_val_loss": 2499.720860072545,
    "final_epoch": 16
}